f0,f1,f2,f3,f4,f5,f6,f7,f8,f9,f10,f11,f12,f13,f14,f15,f16,f17,f18,f19,f20,f21,f22,f23,f24,f25,f26,f27,f28,f29,f30,f31,f32,f33,f34,f35,f36,f37,f38,f39,f40,f41,class
-0.105,-0.043,-0.980,-0.107,-0.033,-0.981,-0.066,0.043,-1.049,-0.413,0.685,-0.949,-0.672,0.317,-0.310,-0.769,0.132,-0.265,-0.901,0.191,-0.345,-0.916,0.255,-0.277,-0.876,0.246,-0.293,-0.775,0.157,-0.350,-83.405,29.944,-89.965,-0.549,0.197,-0.592,0.346,0.229,0.352,-0.630,1.162,-0.595,Touching
-0.088,-0.162,-0.971,-0.082,-0.151,-1.009,-0.331,0.510,-0.981,-0.703,0.554,-0.361,-0.694,0.358,-0.177,-0.912,0.326,-0.041,-0.916,0.283,-0.017,-1.026,0.192,0.046,-0.958,0.261,0.004,-0.953,0.284,0.010,-98.979,37.023,-56.032,-0.651,0.244,-0.369,0.359,0.267,0.441,-0.551,1.097,-1.196,Touching
-0.111,-0.084,-0.979,-0.095,-0.101,-0.991,-0.335,0.370,-0.994,-0.845,0.818,-0.436,-0.781,0.342,-0.106,-0.874,0.284,-0.082,-0.834,0.189,-0.178,-0.857,0.231,-0.188,-0.848,0.298,-0.220,-0.814,0.389,-0.219,-95.801,40.657,-68.535,-0.630,0.267,-0.451,0.324,0.281,0.386,-0.514,1.049,-0.855,Touching
-0.061,-0.138,-0.974,-0.078,-0.084,-0.982,-0.065,-0.004,-0.997,-0.303,0.613,-0.882,-0.716,0.760,-0.382,-0.632,0.380,-0.214,-0.804,0.353,-0.193,-0.916,0.383,-0.153,-0.833,0.433,-0.151,-0.724,0.550,-0.290,-76.315,47.551,-81.170,-0.502,0.313,-0.534,0.342,0.314,0.376,-0.680,1.003,-0.705,Touching
-0.047,-0.041,-0.988,-0.026,-0.042,-1.019,-0.167,0.478,-0.974,-0.755,0.525,-0.479,-0.688,0.283,-0.397,-0.810,0.398,-0.289,-0.942,0.383,-0.271,-0.856,0.381,-0.286,-0.750,0.435,-0.205,-0.853,0.420,-0.274,-87.479,48.177,-80.722,-0.576,0.317,-0.531,0.356,0.251,0.330,-0.618,0.793,-0.620,Touching
-0.048,-0.069,-0.983,-0.008,-0.091,-1.041,-0.186,0.324,-1.101,-0.716,0.342,-0.684,-0.723,-0.313,-0.346,-0.815,-0.136,-0.377,-0.803,-0.165,-0.290,-0.885,-0.083,-0.435,-0.935,-0.080,-0.474,-0.942,-0.051,-0.497,-88.496,-4.679,-95.171,-0.586,-0.031,-0.630,0.362,0.232,0.310,-0.617,-7.489,-0.492,Touching
-0.041,-0.012,-0.989,-0.013,-0.049,-1.026,-0.213,0.337,-1.001,-0.781,0.692,-0.357,-0.744,0.432,-0.155,-0.759,0.425,-0.063,-1.033,0.412,-0.141,-0.945,0.158,-0.167,-0.699,0.357,-0.094,-1.066,0.585,-0.312,-91.120,48.119,-66.051,-0.603,0.319,-0.437,0.382,0.260,0.417,-0.633,0.817,-0.954,Touching
-0.068,0.487,-0.862,-0.046,0.489,-0.893,-0.124,0.757,-0.662,-0.767,0.881,-0.173,-0.836,0.200,-0.369,-0.802,0.074,-0.293,-0.898,-0.010,-0.280,-0.950,0.002,-0.263,-0.960,-0.081,-0.246,-1.073,-0.159,-0.345,-95.814,43.501,-67.413,-0.630,0.286,-0.444,0.390,0.356,0.277,-0.619,1.245,-0.625,Touching
-0.030,-0.043,-0.999,-0.112,0.058,-1.008,-0.320,0.293,-1.181,-0.664,0.259,-0.686,-0.442,-0.400,-0.298,-0.796,-0.388,-0.478,-0.877,-0.331,-0.336,-0.935,-0.297,-0.119,-0.948,-0.251,-0.135,-0.959,-0.204,-0.116,-89.646,-19.213,-84.776,-0.590,-0.126,-0.558,0.350,0.290,0.398,-0.593,-2.293,-0.714,Touching
-0.027,-0.074,-0.981,0.001,0.073,-1.074,-0.438,0.739,-0.780,-0.681,0.406,-0.276,-0.763,0.346,-0.317,-0.902,0.282,-0.222,-0.899,0.252,-0.237,-0.767,0.209,-0.424,-0.718,0.318,-0.523,-0.602,0.500,-0.765,-87.323,44.312,-82.691,-0.578,0.293,-0.548,0.336,0.239,0.324,-0.582,0.813,-0.592,Touching
-0.028,0.046,-0.985,-0.006,0.064,-1.019,-0.161,0.418,-0.952,-0.771,0.709,-0.263,-0.724,0.438,-0.215,-0.837,0.314,-0.048,-1.083,0.344,-0.040,-0.879,0.220,0.050,-0.893,0.274,-0.053,-1.144,0.394,0.032,-95.289,48.389,-56.115,-0.627,0.318,-0.369,0.408,0.210,0.439,-0.651,0.658,-1.188,Touching
-0.019,-0.017,-0.994,-0.003,-0.020,-1.011,-0.175,0.377,-0.966,-0.731,0.752,-0.469,-0.576,0.795,-0.192,-0.624,0.580,-0.094,-0.837,0.473,0.032,-0.830,0.554,0.017,-0.624,0.647,-0.156,-0.663,0.950,-0.229,-75.357,72.913,-62.930,-0.499,0.483,-0.417,0.319,0.313,0.425,-0.639,0.647,-1.021,Touching
-0.009,0.027,-0.988,-0.005,0.009,-1.001,-0.025,0.184,-1.018,-0.420,0.628,-0.846,-0.613,0.795,-0.416,-0.428,0.643,-0.290,-0.751,0.491,-0.193,-0.844,0.529,-0.153,-0.826,0.457,-0.218,-0.908,0.407,-0.111,-69.107,63.043,-82.747,-0.458,0.418,-0.548,0.347,0.272,0.373,-0.759,0.652,-0.680,Touching
-0.001,-0.037,-1.001,0.023,0.031,-1.106,-0.422,0.563,-0.964,-0.695,0.060,-0.371,-0.827,-0.242,-0.326,-0.782,0.011,-0.325,-1.009,-0.002,-0.470,-0.929,-0.053,-0.366,-0.792,0.023,-0.348,-0.917,0.011,-0.396,-94.299,5.756,-87.579,-0.620,0.038,-0.576,0.372,0.237,0.315,-0.599,6.258,-0.546,Touching
-0.001,-0.017,-0.987,0.003,-0.035,-1.001,-0.038,0.058,-1.128,-0.489,0.496,-1.025,-0.732,0.121,-0.515,-0.761,-0.195,-0.491,-0.772,-0.224,-0.449,-0.760,-0.347,-0.406,-0.704,-0.421,-0.441,-0.671,-0.384,-0.474,-73.429,-12.053,-106.895,-0.483,-0.079,-0.703,0.339,0.280,0.296,-0.701,-3.530,-0.420,Touching
-0.012,0.043,-0.988,0.010,0.054,-1.030,-0.128,0.409,-1.161,-0.616,0.403,-0.735,-0.546,-0.252,-0.372,-0.827,-0.258,-0.432,-0.734,-0.384,-0.487,-0.677,-0.406,-0.524,-0.821,-0.407,-0.454,-0.839,-0.362,-0.474,-76.336,-15.649,-102.719,-0.502,-0.103,-0.676,0.336,0.340,0.292,-0.668,-3.304,-0.432,Touching
0.533,-0.100,-0.760,0.385,-0.098,-0.758,0.317,-0.018,-0.837,0.379,0.065,-0.927,0.437,-0.086,-0.890,0.466,0.001,-0.903,0.457,0.088,-0.821,0.459,-0.025,-0.860,0.510,-0.110,-0.867,0.688,-0.086,-0.752,22.475,-1.760,-41.128,0.459,-0.036,-0.839,0.098,0.078,0.066,0.214,-2.173,-0.079,Touching
-0.000,-0.039,-0.990,0.003,-0.056,-0.994,-0.084,0.248,-1.039,-0.495,0.703,-0.751,-0.576,0.715,-0.256,-0.532,0.638,-0.175,-0.760,0.566,-0.022,-0.802,0.558,-0.042,-0.675,0.636,-0.191,-0.519,0.782,-0.357,-66.898,69.749,-74.186,-0.440,0.459,-0.488,0.309,0.307,0.412,-0.703,0.669,-0.844,Touching
-0.014,0.723,-0.686,-0.020,0.716,-0.703,-0.083,0.796,-0.677,-0.521,1.038,-0.431,-0.644,0.688,-0.172,-0.631,0.359,-0.236,-0.756,0.362,-0.263,-0.777,0.476,-0.274,-0.838,0.448,-0.200,-0.670,0.615,-0.211,-74.548,95.249,-60.170,-0.487,0.623,-0.393,0.324,0.229,0.222,-0.665,0.368,-0.564,Touching
-0.020,0.216,-0.967,-0.011,0.203,-0.973,-0.019,0.311,-0.976,-0.340,0.742,-0.816,-0.633,0.700,-0.336,-0.638,0.327,-0.236,-0.908,0.418,-0.057,-0.986,0.309,0.039,-0.914,0.421,0.016,-0.842,0.412,0.023,-78.210,61.623,-68.714,-0.515,0.405,-0.452,0.389,0.195,0.432,-0.756,0.482,-0.956,Touching
-0.034,0.217,-0.964,-0.025,0.219,-0.983,-0.089,0.485,-0.979,-0.584,0.725,-0.533,-0.653,0.447,-0.266,-0.830,0.320,-0.212,-0.917,0.375,-0.109,-0.828,0.459,-0.170,-0.705,0.599,-0.275,-0.625,0.389,-0.489,-79.659,64.665,-75.765,-0.524,0.425,-0.498,0.342,0.179,0.354,-0.652,0.420,-0.709,Touching
-0.009,0.247,-0.963,-0.005,0.258,-0.978,-0.087,0.437,-0.974,-0.563,0.735,-0.565,-0.664,0.444,-0.269,-0.820,0.374,-0.146,-0.978,0.342,-0.025,-0.987,0.366,0.010,-0.883,0.303,0.009,-0.872,0.271,-0.031,-86.908,58.281,-62.699,-0.572,0.383,-0.412,0.393,0.154,0.419,-0.687,0.401,-1.016,Touching
-0.004,0.174,-0.979,0.006,0.239,-1.023,-0.283,0.441,-0.900,-0.670,0.685,-0.334,-0.690,0.643,-0.080,-0.783,0.444,0.003,-0.886,0.431,0.027,-0.782,0.567,-0.043,-0.732,0.628,-0.223,-0.600,0.623,-0.407,-81.975,73.021,-60.098,-0.539,0.480,-0.395,0.327,0.179,0.416,-0.605,0.373,-1.052,Touching
-0.025,0.207,-0.972,-0.021,0.224,-1.002,-0.286,0.501,-0.975,-0.687,0.641,-0.457,-0.742,0.219,-0.224,-0.883,0.281,-0.181,-0.971,0.267,-0.072,-0.951,0.288,-0.081,-0.918,0.251,-0.051,-0.988,0.335,-0.087,-95.632,48.736,-64.945,-0.629,0.321,-0.427,0.378,0.155,0.401,-0.601,0.485,-0.938,Touching
-0.007,0.196,-0.978,-0.020,0.231,-0.979,-0.119,0.284,-0.994,-0.631,0.727,-0.694,-0.616,0.715,-0.135,-0.669,0.368,-0.030,-0.915,0.315,-0.121,-0.892,0.343,-0.070,-0.812,0.444,-0.134,-0.639,0.623,-0.237,-80.004,62.954,-68.049,-0.526,0.414,-0.448,0.356,0.200,0.413,-0.676,0.482,-0.923,Touching
-0.007,0.631,-0.763,0.024,0.626,-0.841,-0.111,0.872,-0.717,-0.751,0.882,-0.324,-0.730,0.302,-0.092,-0.647,0.155,-0.253,-0.971,-0.113,-0.447,-0.640,0.176,-0.316,-0.817,-0.079,-0.369,-0.729,0.467,-0.537,-79.488,58.507,-69.732,-0.526,0.387,-0.462,0.369,0.384,0.281,-0.701,0.992,-0.609,Touching
-0.027,0.257,-0.955,-0.035,0.272,-0.964,-0.017,0.229,-0.999,-0.162,0.456,-0.848,-0.679,0.562,-0.621,-0.822,0.235,-0.395,-0.793,0.052,-0.334,-0.908,0.233,-0.230,-0.915,0.369,-0.325,-0.860,0.364,-0.299,-75.726,45.185,-92.833,-0.501,0.299,-0.615,0.390,0.154,0.304,-0.778,0.514,-0.494,Touching
-0.059,-0.077,-0.979,-0.039,0.008,-1.011,-0.339,0.454,-0.833,-0.698,0.888,-0.341,-0.589,0.763,-0.165,-0.662,0.479,-0.036,-0.893,0.420,0.050,-0.878,0.484,0.017,-0.805,0.534,-0.034,-0.666,0.596,-0.186,-84.052,67.453,-54.633,-0.557,0.447,-0.362,0.314,0.303,0.417,-0.565,0.679,-1.153,Touching
-0.034,0.065,-0.982,-0.018,0.160,-1.015,-0.288,0.562,-0.915,-0.804,0.807,-0.390,-0.634,0.264,-0.323,-0.706,0.283,-0.314,-0.939,0.245,-0.305,-0.867,0.424,-0.171,-0.836,0.422,-0.224,-1.012,0.203,-0.267,-89.099,53.135,-76.076,-0.590,0.352,-0.504,0.355,0.241,0.331,-0.601,0.686,-0.656,Touching
-0.031,0.121,-0.987,-0.004,0.198,-1.024,-0.403,0.588,-0.704,-0.762,0.910,-0.238,-0.510,0.647,-0.095,-0.801,0.425,0.008,-0.817,0.551,0.008,-0.707,0.648,-0.140,-0.573,0.718,-0.269,-0.441,0.404,-0.604,-77.258,80.133,-59.896,-0.508,0.527,-0.394,0.300,0.247,0.392,-0.591,0.468,-0.996,Touching
-0.012,0.595,-0.799,0.006,0.597,-0.837,-0.042,0.649,-0.902,-0.628,0.807,-0.721,-0.618,0.010,-0.369,-0.770,-0.316,-0.320,-0.844,-0.184,-0.351,-0.864,-0.207,-0.291,-0.941,-0.091,-0.260,-0.982,-0.019,-0.320,-84.230,29.609,-80.486,-0.551,0.194,-0.526,0.382,0.424,0.259,-0.693,2.189,-0.492,Touching
-0.034,0.725,-0.686,-0.004,0.758,-0.723,-0.097,0.813,-0.956,-0.603,0.477,-0.691,-0.658,-0.032,-0.444,-0.769,-0.255,-0.467,-0.836,-0.305,-0.385,-0.831,-0.327,-0.301,-0.772,-0.353,-0.374,-0.785,-0.383,-0.385,-79.950,20.969,-83.500,-0.526,0.138,-0.549,0.340,0.495,0.207,-0.646,3.587,-0.377,Touching
-0.010,0.546,-0.832,-0.006,0.534,-0.834,0.009,0.540,-0.988,-0.223,0.539,-1.065,-0.557,0.196,-0.596,-0.631,-0.231,-0.470,-0.780,-0.186,-0.338,-0.933,-0.057,-0.334,-0.939,0.023,-0.294,-1.006,0.027,-0.225,-73.150,30.661,-93.807,-0.481,0.202,-0.617,0.394,0.320,0.298,-0.819,1.588,-0.483,Touching
0.014,0.305,-0.939,0.020,0.326,-0.962,-0.001,0.395,-0.965,-0.405,0.652,-0.664,-0.742,0.696,-0.308,-0.769,0.413,-0.157,-0.813,0.219,-0.137,-0.997,0.214,-0.296,-0.914,0.184,-0.171,-0.957,0.199,-0.201,-80.409,55.861,-74.986,-0.533,0.370,-0.497,0.406,0.186,0.351,-0.762,0.503,-0.706,Touching
0.015,0.195,-0.976,0.004,0.191,-0.978,-0.012,0.240,-1.016,-0.302,0.503,-0.820,-0.732,0.772,-0.329,-0.684,0.566,-0.092,-0.795,0.317,-0.038,-0.924,0.345,0.034,-0.845,0.479,-0.073,-0.793,0.515,-0.129,-74.733,61.839,-69.660,-0.492,0.407,-0.458,0.379,0.195,0.436,-0.771,0.478,-0.951,Touching
-0.016,0.188,-0.969,-0.004,0.226,-0.991,-0.016,0.212,-1.082,-0.431,0.277,-1.084,-0.658,-0.014,-0.418,-0.718,-0.350,-0.211,-0.877,-0.226,-0.352,-0.920,-0.114,-0.357,-0.877,-0.177,-0.362,-0.844,-0.160,-0.404,-79.029,-0.933,-96.430,-0.520,-0.006,-0.634,0.375,0.224,0.352,-0.722,-36.453,-0.555,Touching
-0.042,0.773,-0.626,-0.029,0.795,-0.678,-0.155,0.876,-0.704,-0.630,0.592,-0.454,-0.720,0.003,-0.360,-0.902,0.161,-0.423,-0.886,0.117,-0.363,-0.827,0.088,-0.423,-0.692,0.386,-0.520,-0.439,0.486,-0.593,-81.632,64.561,-77.546,-0.537,0.425,-0.510,0.341,0.328,0.133,-0.634,0.773,-0.261,Touching
-0.016,0.477,-0.861,0.009,0.576,-0.865,-0.264,0.809,-0.836,-0.683,0.825,-0.255,-0.591,0.328,-0.122,-0.833,0.267,-0.200,-0.886,0.313,-0.197,-0.748,0.367,-0.264,-0.615,0.482,-0.367,-0.395,0.604,-0.800,-76.786,75.302,-69.092,-0.509,0.499,-0.458,0.327,0.210,0.317,-0.643,0.421,-0.693,Touching
-0.015,0.715,-0.691,-0.000,0.738,-0.729,-0.048,0.867,-0.763,-0.641,0.703,-0.321,-0.704,0.304,-0.197,-0.870,0.379,-0.141,-0.891,0.258,-0.130,-0.851,0.378,-0.179,-0.755,0.512,-0.197,-0.461,0.619,-0.666,-80.103,82.602,-58.882,-0.527,0.543,-0.387,0.366,0.219,0.273,-0.695,0.403,-0.704,Touching
0.001,0.376,-0.939,-0.032,0.412,-1.036,-0.440,0.489,-0.951,-0.564,0.175,-0.614,-0.738,-0.068,-0.364,-0.874,-0.026,-0.410,-0.844,-0.081,-0.346,-0.688,0.076,-0.595,-0.501,0.147,-0.771,-0.280,0.214,-0.937,-77.119,25.702,-103.905,-0.507,0.169,-0.684,0.307,0.207,0.260,-0.606,1.227,-0.380,Touching
0.011,0.449,-0.882,0.014,0.493,-0.889,-0.068,0.542,-1.103,-0.641,0.474,-0.776,-0.699,0.125,-0.427,-0.791,-0.105,-0.450,-0.798,-0.219,-0.459,-0.740,-0.384,-0.382,-0.711,-0.456,-0.385,-0.673,-0.494,-0.325,-76.149,10.774,-94.643,-0.501,0.071,-0.623,0.339,0.399,0.267,-0.677,5.622,-0.430,Touching
0.005,0.431,-0.887,0.013,0.480,-0.882,0.009,0.536,-1.069,-0.451,0.712,-0.765,-0.730,0.371,-0.267,-0.679,-0.006,-0.271,-0.911,0.086,-0.343,-0.769,0.060,-0.364,-0.750,0.125,-0.265,-0.662,0.496,-0.393,-74.159,49.189,-85.350,-0.485,0.321,-0.558,0.362,0.256,0.317,-0.746,0.797,-0.568,Touching
-0.007,0.338,-0.929,0.023,0.374,-0.977,-0.145,0.779,-0.998,-0.641,0.759,-0.402,-0.646,-0.113,-0.174,-0.715,-0.178,-0.459,-0.803,-0.172,-0.420,-0.801,-0.288,-0.387,-0.759,-0.076,-0.272,-0.628,0.311,-0.476,-76.905,25.239,-84.098,-0.506,0.166,-0.553,0.331,0.405,0.312,-0.654,2.442,-0.564,Touching
-0.008,0.360,-0.925,-0.001,0.352,-0.951,-0.076,0.529,-1.125,-0.554,0.686,-0.592,-0.609,0.260,-0.243,-0.695,0.414,-0.323,-0.979,0.165,-0.274,-0.862,0.453,-0.160,-0.836,0.479,-0.128,-0.920,0.285,-0.142,-81.285,61.462,-76.662,-0.535,0.404,-0.504,0.372,0.169,0.373,-0.696,0.418,-0.739,Touching
-0.042,0.204,-0.963,-0.042,0.208,-0.963,-0.037,0.222,-0.993,-0.125,0.381,-1.222,-0.471,0.487,-0.727,-0.583,0.092,-0.283,-0.893,0.147,-0.416,-0.885,0.306,-0.354,-0.875,0.320,-0.220,-0.853,0.393,-0.169,-70.054,41.024,-99.633,-0.461,0.270,-0.655,0.371,0.139,0.371,-0.804,0.514,-0.565,Touching
-0.010,0.223,-0.969,-0.015,0.189,-0.990,-0.157,0.451,-0.999,-0.693,0.859,-0.373,-0.658,0.563,-0.073,-0.841,0.360,-0.063,-0.919,0.281,-0.007,-0.917,0.367,-0.046,-0.922,0.347,-0.023,-0.886,0.349,-0.020,-88.323,60.696,-56.837,-0.585,0.402,-0.376,0.376,0.206,0.444,-0.643,0.512,-1.179,Touching
-0.018,0.197,-0.975,-0.018,0.208,-0.991,-0.101,0.386,-0.941,-0.588,0.750,-0.378,-0.714,0.596,-0.093,-0.793,0.465,0.093,-0.882,0.469,0.188,-0.967,0.428,0.256,-0.775,0.366,0.183,-0.892,0.401,0.216,-84.839,65.050,-40.812,-0.558,0.428,-0.268,0.367,0.174,0.513,-0.657,0.406,-1.912,Touching
-0.012,0.231,-0.967,-0.018,0.233,-0.971,-0.042,0.190,-0.981,-0.071,0.340,-1.030,-0.579,0.728,-0.737,-0.718,0.300,-0.303,-0.667,0.103,-0.384,-0.842,0.187,-0.436,-0.828,0.127,-0.351,-0.788,0.137,-0.415,-66.735,40.124,-101.860,-0.439,0.264,-0.670,0.358,0.192,0.303,-0.815,0.726,-0.451,Touching
0.005,0.676,-0.732,-0.008,0.694,-0.758,-0.128,0.842,-0.686,-0.575,0.760,-0.243,-0.671,0.667,-0.053,-0.797,0.585,0.026,-0.884,0.373,0.004,-0.895,0.381,-0.086,-0.891,0.362,0.019,-0.906,0.328,0.001,-84.779,88.094,-40.115,-0.558,0.580,-0.264,0.368,0.186,0.329,-0.660,0.321,-1.248,Touching
-0.102,0.709,-0.683,-0.106,0.705,-0.690,-0.114,0.695,-0.694,-0.107,0.734,-0.702,-0.188,0.799,-0.516,-0.767,0.956,-0.154,-0.715,0.543,-0.109,-0.764,0.337,-0.096,-0.951,0.325,-0.077,-1.000,0.309,0.038,-68.013,94.973,-59.275,-0.450,0.629,-0.393,0.364,0.220,0.294,-0.809,0.350,-0.749,Touching
-0.055,0.858,-0.498,-0.056,0.846,-0.511,-0.045,0.846,-0.584,-0.142,0.993,-0.600,-0.524,0.810,-0.418,-0.756,0.187,-0.442,-0.663,-0.146,-0.510,-0.641,-0.186,-0.597,-0.673,-0.167,-0.657,-0.666,-0.136,-0.683,-62.230,63.587,-82.528,-0.409,0.418,-0.543,0.296,0.497,0.094,-0.723,1.189,-0.173,Touching
-0.021,0.818,-0.560,-0.020,0.815,-0.568,-0.020,0.821,-0.597,-0.163,0.975,-0.593,-0.620,0.902,-0.194,-0.581,0.508,-0.096,-0.798,0.384,-0.121,-0.823,0.415,-0.154,-0.723,0.564,-0.162,-0.535,0.714,-0.339,-64.036,104.236,-51.097,-0.424,0.690,-0.338,0.334,0.214,0.220,-0.787,0.309,-0.650,Touching
-0.030,0.764,-0.630,-0.024,0.764,-0.637,-0.015,0.862,-0.783,-0.389,0.820,-0.608,-0.714,0.288,-0.275,-0.778,0.066,-0.289,-0.945,0.238,-0.306,-0.828,0.104,-0.340,-0.742,0.338,-0.339,-0.475,0.523,-0.545,-75.256,72.099,-71.659,-0.495,0.474,-0.471,0.362,0.311,0.190,-0.731,0.656,-0.404,Touching
-0.026,0.609,-0.782,-0.025,0.606,-0.782,-0.025,0.606,-0.783,0.018,0.657,-0.864,-0.051,0.608,-1.054,-0.649,0.470,-0.659,-0.855,-0.180,-0.203,-0.713,-0.441,-0.326,-0.659,-0.564,-0.411,-0.552,-0.603,-0.410,-52.164,33.097,-97.082,-0.343,0.218,-0.639,0.352,0.508,0.272,-1.027,2.335,-0.426,Touching
-0.014,0.734,-0.664,-0.014,0.734,-0.668,-0.013,0.720,-0.689,-0.015,0.694,-0.739,-0.040,0.657,-0.804,-0.465,0.704,-0.627,-0.721,0.489,-0.382,-0.787,0.210,-0.334,-0.890,0.263,-0.246,-0.961,0.332,-0.157,-55.024,85.912,-83.697,-0.362,0.565,-0.551,0.383,0.205,0.209,-1.059,0.362,-0.380,Touching
-0.018,0.590,-0.793,-0.017,0.590,-0.798,0.012,0.664,-0.886,-0.221,0.714,-0.865,-0.649,0.508,-0.571,-0.618,-0.102,-0.373,-0.697,0.044,-0.494,-0.854,0.103,-0.513,-0.968,0.058,-0.529,-0.894,0.076,-0.427,-70.740,51.245,-96.160,-0.468,0.339,-0.637,0.375,0.318,0.191,-0.801,0.936,-0.300,Touching
-0.016,0.566,-0.807,-0.017,0.579,-0.809,-0.006,0.562,-0.832,-0.012,0.645,-0.848,-0.471,0.819,-0.574,-0.721,0.555,-0.224,-0.687,0.392,-0.170,-0.969,0.408,-0.028,-0.965,0.326,-0.007,-0.796,0.489,-0.076,-68.193,81.550,-69.397,-0.449,0.537,-0.457,0.402,0.157,0.354,-0.896,0.293,-0.776,Touching
0.032,0.515,-0.846,0.032,0.565,-0.831,0.041,0.505,-0.885,-0.003,0.598,-0.951,-0.409,0.700,-0.798,-0.533,0.374,-0.471,-0.669,0.200,-0.451,-0.773,0.221,-0.541,-0.814,0.211,-0.538,-0.830,0.200,-0.472,-56.181,63.828,-104.773,-0.370,0.420,-0.689,0.362,0.192,0.202,-0.980,0.458,-0.293,Touching
0.023,0.451,-0.883,0.038,0.505,-0.921,-0.152,0.683,-1.070,-0.445,0.388,-0.599,-0.492,0.129,-0.532,-0.697,0.220,-0.684,-0.726,0.301,-0.656,-0.704,0.248,-0.614,-0.709,0.221,-0.616,-0.693,0.272,-0.671,-67.362,52.524,-110.582,-0.443,0.346,-0.728,0.304,0.174,0.180,-0.687,0.505,-0.247,Touching
0.011,0.551,-0.823,0.013,0.580,-0.806,0.018,0.555,-0.826,0.036,0.562,-0.890,-0.248,0.638,-0.841,-0.603,0.785,-0.385,-0.549,0.600,-0.225,-0.732,0.492,-0.107,-0.839,0.570,-0.027,-0.717,0.624,-0.122,-52.018,90.306,-79.860,-0.342,0.594,-0.525,0.348,0.091,0.347,-1.016,0.153,-0.660,Touching
0.004,0.387,-0.911,0.013,0.443,-0.913,-0.072,0.642,-0.944,-0.584,0.772,-0.381,-0.676,0.489,-0.127,-0.724,0.556,-0.038,-1.077,0.177,-0.053,-0.819,0.263,0.143,-0.994,0.360,-0.019,-1.073,0.355,-0.042,-87.457,68.264,-52.198,-0.575,0.449,-0.343,0.417,0.195,0.421,-0.724,0.435,-1.227,Touching
0.020,0.509,-0.855,0.024,0.537,-0.841,0.009,0.488,-1.000,-0.165,0.327,-1.197,-0.403,0.035,-0.588,-0.524,-0.462,-0.485,-0.719,-0.377,-0.597,-0.777,-0.293,-0.519,-0.829,-0.180,-0.527,-0.823,-0.192,-0.521,-60.395,7.809,-109.926,-0.397,0.051,-0.723,0.346,0.386,0.250,-0.871,7.507,-0.346,Touching
0.031,0.464,-0.873,0.031,0.517,-0.865,0.042,0.481,-0.964,-0.127,0.610,-0.918,-0.568,0.488,-0.478,-0.787,-0.022,-0.385,-0.885,0.163,-0.461,-0.845,0.109,-0.462,-0.745,0.117,-0.466,-0.508,0.345,-0.513,-65.709,49.581,-98.056,-0.432,0.326,-0.645,0.385,0.230,0.233,-0.890,0.705,-0.362,Touching
0.038,0.378,-0.915,0.051,0.429,-0.949,-0.098,0.635,-1.074,-0.503,0.614,-0.572,-0.699,0.259,-0.349,-0.613,0.357,-0.339,-0.931,0.398,-0.284,-0.837,0.352,-0.344,-0.722,0.291,-0.314,-0.624,0.357,-0.269,-74.652,62.608,-84.648,-0.488,0.409,-0.553,0.368,0.157,0.337,-0.754,0.384,-0.610,Touching
0.019,0.385,-0.913,0.019,0.417,-0.901,0.020,0.398,-0.905,0.020,0.395,-0.907,0.018,0.387,-0.911,0.026,0.376,-0.922,0.016,0.547,-1.040,-0.317,0.640,-0.917,-0.568,0.457,-0.366,-0.624,0.193,-0.308,-16.915,65.570,-126.980,-0.111,0.431,-0.835,0.234,0.121,0.224,-2.105,0.281,-0.268,Touching
0.035,0.427,-0.893,0.012,0.444,-0.905,-0.067,0.654,-0.948,-0.531,0.702,-0.430,-0.689,0.584,-0.062,-0.712,0.570,-0.058,-0.937,0.465,0.114,-0.778,0.421,-0.025,-0.696,0.795,-0.083,-0.606,0.700,-0.280,-74.648,86.594,-54.893,-0.491,0.570,-0.361,0.351,0.149,0.411,-0.715,0.261,-1.139,Touching
0.018,0.416,-0.913,-0.031,0.782,-0.895,-0.607,0.833,-0.355,-0.572,0.393,-0.178,-0.724,0.526,-0.143,-0.929,0.349,-0.171,-0.943,0.364,-0.068,-0.864,0.480,-0.031,-0.827,0.510,-0.021,-0.862,0.433,-0.073,-94.543,77.926,-44.967,-0.622,0.513,-0.296,0.348,0.196,0.335,-0.560,0.383,-1.133,Touching
0.013,0.309,-0.940,0.032,0.314,-0.977,0.002,0.495,-0.972,-0.556,0.751,-0.516,-0.716,0.327,-0.283,-0.821,0.284,-0.268,-0.933,0.347,-0.161,-0.884,0.329,-0.228,-0.828,0.395,-0.297,-0.671,0.460,-0.385,-80.400,60.489,-77.349,-0.529,0.398,-0.509,0.389,0.158,0.328,-0.735,0.397,-0.645,Touching
-0.018,0.116,-0.985,-0.010,0.099,-0.995,-0.017,0.134,-1.084,-0.391,0.309,-0.991,-0.762,0.084,-0.491,-0.730,-0.210,-0.398,-0.800,0.064,-0.438,-0.917,0.119,-0.365,-0.967,0.133,-0.348,-0.986,0.207,-0.366,-81.713,15.246,-100.455,-0.538,0.100,-0.661,0.394,0.142,0.312,-0.733,1.411,-0.472,Touching
-0.034,0.784,-0.606,-0.023,0.800,-0.671,-0.258,1.069,-0.571,-0.659,0.751,-0.230,-0.640,0.092,-0.249,-0.862,0.138,-0.276,-0.918,0.169,-0.294,-0.790,0.202,-0.316,-0.647,0.457,-0.153,-0.508,0.809,-0.134,-81.369,77.879,-54.928,-0.535,0.512,-0.361,0.326,0.357,0.193,-0.609,0.697,-0.534,Touching
-0.017,0.711,-0.690,-0.011,0.715,-0.699,-0.011,0.854,-0.863,-0.378,0.704,-0.789,-0.632,-0.007,-0.358,-0.771,-0.245,-0.314,-0.934,-0.191,-0.292,-0.888,-0.199,-0.205,-0.952,-0.040,-0.287,-1.031,0.073,-0.202,-81.750,37.410,-73.559,-0.538,0.246,-0.484,0.401,0.449,0.257,-0.746,1.826,-0.530,Touching
0.001,0.574,-0.805,0.006,0.607,-0.814,-0.040,0.830,-0.845,-0.565,0.674,-0.353,-0.752,0.345,-0.193,-0.863,0.309,-0.197,-1.015,0.293,-0.066,-0.956,0.245,-0.024,-0.887,0.209,-0.092,-0.948,0.235,-0.059,-88.698,67.258,-54.662,-0.584,0.442,-0.360,0.412,0.222,0.336,-0.706,0.501,-0.936,Touching
-0.288,-0.116,-0.935,-0.278,-0.099,-0.904,-0.256,0.035,-0.801,-0.389,0.311,-0.892,-0.342,0.576,-0.824,-0.337,0.840,-0.524,-0.391,0.844,-0.287,-0.372,0.865,-0.057,-0.313,0.963,-0.047,-0.270,0.994,-0.009,-48.524,78.219,-79.190,-0.323,0.521,-0.528,0.058,0.430,0.377,-0.181,0.825,-0.715,NoTouching
-0.366,0.812,-0.133,-0.365,0.911,-0.131,-0.498,0.875,-0.038,-0.424,0.762,-0.108,-0.277,1.036,0.325,-0.429,0.725,0.654,-0.442,0.559,0.634,-0.381,0.824,0.468,-0.389,0.821,0.438,-0.436,0.635,0.598,-60.223,121.657,37.955,-0.399,0.806,0.251,0.072,0.169,0.331,-0.180,0.210,1.315,NoTouching
-0.395,0.726,0.641,-0.418,0.789,0.484,-0.553,0.805,0.345,-0.549,0.796,0.080,-0.523,0.756,-0.055,-0.592,0.690,0.133,-0.537,0.788,0.261,-0.398,0.922,0.256,-0.442,0.710,0.539,-0.516,0.559,0.785,-74.123,115.623,48.422,-0.491,0.766,0.321,0.078,0.099,0.245,-0.158,0.129,0.765,NoTouching
-0.375,0.658,0.660,-0.400,0.707,0.753,-0.273,0.773,0.040,-0.358,0.892,0.362,-0.358,0.614,0.709,-0.343,0.671,0.717,-0.335,0.864,0.545,-0.393,0.915,0.531,-0.518,0.727,0.301,-0.524,0.692,-0.010,-57.310,114.006,73.808,-0.380,0.755,0.489,0.076,0.173,0.270,-0.202,0.229,0.553,NoTouching
-0.564,0.823,0.031,-0.504,0.822,0.421,-0.451,0.675,0.671,-0.455,0.665,0.723,-0.453,0.603,0.599,-0.375,0.827,0.367,-0.496,0.753,0.527,-0.772,0.715,0.518,-0.705,0.563,0.369,-0.384,0.614,0.438,-79.104,107.408,70.674,-0.524,0.711,0.468,0.133,0.117,0.211,-0.253,0.164,0.450,NoTouching
-0.393,0.437,-0.749,-0.390,0.442,-0.682,-0.453,0.786,-0.535,-0.307,0.539,-0.626,-0.383,0.525,-0.856,-0.331,0.368,-0.836,-0.305,0.402,-0.829,-0.348,0.421,-0.862,-0.328,0.344,-0.865,-0.382,0.411,-0.810,-54.487,71.107,-115.103,-0.361,0.471,-0.762,0.064,0.166,0.132,-0.177,0.352,-0.174,NoTouching
-0.386,0.722,-0.441,-0.521,0.624,-0.562,-0.404,0.628,-0.464,-0.474,0.989,0.198,-0.368,0.936,0.393,-0.360,0.671,0.513,-0.460,0.725,0.336,-0.512,0.789,0.545,-0.465,0.663,0.615,-0.472,0.620,0.614,-66.514,112.287,22.455,-0.440,0.744,0.149,0.077,0.203,0.467,-0.175,0.273,3.144,NoTouching
-0.486,0.696,0.520,-0.486,0.532,0.657,-0.523,0.442,0.756,-0.542,0.513,0.739,-0.413,0.751,0.377,-0.480,0.713,0.540,-0.523,0.459,0.705,-0.524,0.498,0.716,-0.493,0.552,0.673,-0.501,0.727,0.569,-75.017,87.573,94.913,-0.497,0.580,0.629,0.047,0.138,0.136,-0.094,0.238,0.217,NoTouching
-0.554,0.731,0.316,-0.419,0.599,-0.479,-0.185,0.285,-1.134,-0.406,0.429,-0.795,-0.453,0.500,-0.702,-0.404,0.366,-0.848,-0.430,0.356,-0.804,-0.416,0.365,-0.797,-0.419,0.390,-0.807,-0.391,0.390,-0.800,-61.147,66.146,-102.739,-0.408,0.441,-0.685,0.095,0.165,0.390,-0.232,0.374,-0.570,NoTouching
-0.433,0.426,-0.606,-0.357,0.298,-0.894,-0.461,0.456,-0.704,-0.391,0.419,-0.752,-0.347,0.503,-0.788,-0.432,0.693,-0.723,-0.530,0.562,-0.771,-0.481,0.388,-0.664,-0.361,0.377,-0.740,-0.456,0.395,-0.800,-63.768,67.761,-111.651,-0.425,0.452,-0.744,0.082,0.134,0.112,-0.194,0.298,-0.150,NoTouching
1.965,2.122,-0.261,1.705,1.144,0.202,1.129,-1.800,1.330,2.202,0.306,0.451,2.096,2.028,0.882,2.549,4.049,-0.580,2.019,1.860,0.170,1.214,1.232,-0.210,1.129,-2.121,1.829,2.280,0.620,0.129,272.095,145.466,61.925,1.802,0.963,0.410,0.626,2.097,0.911,0.347,2.177,2.221,NoTouching
1.926,1.609,0.439,1.188,-1.789,1.797,1.949,0.663,0.322,1.961,1.541,1.081,2.218,3.733,1.087,2.083,2.232,1.002,2.070,1.577,0.086,1.095,-2.110,2.385,2.194,0.857,0.298,2.035,1.776,0.860,281.200,145.447,141.990,1.862,0.963,0.940,0.534,1.960,0.881,0.287,2.035,0.937,NoTouching
1.318,-0.532,1.404,1.483,-0.794,0.659,1.891,1.511,0.578,2.038,2.287,0.328,1.999,3.166,-1.015,1.980,1.669,0.086,1.209,-0.083,0.894,1.235,-1.544,1.054,1.873,1.706,0.472,1.127,1.427,0.979,248.319,128.171,78.195,1.644,0.849,0.518,0.542,1.925,1.119,0.329,2.268,2.161,NoTouching
0.820,-2.153,2.145,1.507,0.940,-0.040,1.194,1.514,0.242,2.352,3.688,-0.745,1.617,1.838,-0.174,1.378,1.376,-0.211,0.588,-2.111,2.255,2.127,0.446,0.530,1.744,1.362,0.954,2.111,2.123,0.774,223.129,126.864,82.865,1.528,0.869,0.568,0.656,1.979,1.060,0.429,2.277,1.868,NoTouching
2.115,1.385,0.080,1.521,1.828,0.937,1.701,4.226,0.765,1.660,1.976,0.605,1.220,1.270,0.085,1.192,-2.031,1.917,2.000,1.772,0.007,1.039,1.890,0.725,1.598,4.259,0.506,1.633,2.182,0.373,241.087,287.047,93.771,1.565,1.864,0.609,0.454,1.829,0.623,0.290,0.981,1.023,NoTouching
1.974,4.204,-0.476,1.478,1.539,0.343,1.136,0.947,0.037,1.093,-2.114,1.761,2.486,1.714,0.822,1.225,1.329,0.904,2.032,4.118,0.542,1.745,1.814,0.729,1.396,1.240,0.270,1.043,-2.422,3.142,242.387,214.835,107.196,1.584,1.404,0.701,0.535,2.136,1.032,0.338,1.521,1.472,NoTouching
1.689,1.990,0.644,1.658,1.471,0.235,0.867,-2.384,1.646,1.867,0.739,0.443,1.728,1.228,0.800,2.528,3.764,0.427,1.964,2.264,0.851,2.327,1.715,0.618,1.455,-1.680,1.378,1.450,-1.184,0.516,273.270,132.701,118.360,1.763,0.856,0.764,0.534,2.201,0.630,0.303,2.570,0.825,NoTouching
1.330,1.515,0.485,1.016,-1.661,1.367,1.545,0.306,0.366,1.550,1.683,0.572,1.689,3.619,0.082,1.548,2.495,0.422,1.619,1.633,0.189,1.123,-1.430,1.509,1.724,-0.086,0.740,2.623,1.747,0.963,236.527,146.629,101.357,1.536,0.952,0.658,0.553,2.014,0.744,0.360,2.115,1.130,NoTouching
1.025,-2.106,1.707,2.646,1.770,0.136,1.067,1.898,0.369,2.215,3.783,-0.238,1.585,1.597,0.235,1.129,1.139,-0.053,1.136,-2.138,1.959,2.428,1.660,0.129,1.316,1.829,0.689,1.994,4.759,0.025,250.702,193.741,79.143,1.639,1.266,0.517,0.730,2.098,0.847,0.445,1.657,1.637,NoTouching
1.815,1.710,-0.063,1.200,1.747,0.450,1.996,4.189,-0.369,1.413,1.608,0.270,1.077,0.904,0.321,1.020,-2.068,1.443,2.061,1.839,0.345,1.283,1.710,0.807,1.904,4.064,0.012,1.398,1.590,0.417,235.689,268.736,56.020,1.521,1.734,0.361,0.562,1.996,0.771,0.369,1.151,2.132,NoTouching
-0.056,-0.284,-0.898,-0.065,-0.141,-0.952,-0.050,0.078,-1.005,-0.087,0.275,-0.991,-0.136,0.362,-0.917,-0.075,0.217,-0.964,-0.139,0.115,-0.976,-0.114,0.137,-0.968,-0.113,0.218,-0.973,-0.106,0.325,-0.901,-14.437,18.885,-147.299,-0.094,0.123,-0.956,0.050,0.215,0.055,-0.530,1.755,-0.057,NoTouching
-0.166,0.356,-0.892,-0.152,0.304,-0.936,-0.121,0.317,-0.949,-0.030,0.243,-0.916,-0.117,0.197,-0.975,-0.180,0.329,-0.937,-0.069,0.245,-0.960,-0.147,0.226,-0.948,-0.117,0.186,-0.976,-0.021,0.194,-0.930,-17.786,40.380,-145.127,-0.115,0.262,-0.942,0.082,0.082,0.059,-0.709,0.314,-0.063,NoTouching
-0.123,0.348,-0.943,-0.083,0.257,-0.919,-0.119,0.220,-0.956,-0.140,0.331,-0.940,-0.129,0.266,-0.935,-0.162,0.298,-0.940,-0.108,0.250,-0.959,-0.152,0.241,-0.936,-0.136,0.249,-0.949,-0.135,0.316,-0.934,-19.674,42.207,-144.018,-0.129,0.276,-0.941,0.061,0.073,0.058,-0.471,0.266,-0.061,NoTouching
-0.139,0.276,-0.951,-0.148,0.290,-0.937,-0.138,0.333,-0.937,-0.109,0.189,-0.950,-0.114,0.260,-0.935,-0.113,0.248,-0.967,-0.126,0.181,-0.973,0.002,0.053,-0.977,-0.107,0.101,-0.987,0.015,0.095,-0.988,-15.680,31.857,-147.712,-0.102,0.207,-0.959,0.068,0.119,0.055,-0.670,0.575,-0.057,NoTouching
-0.043,0.210,-0.955,-0.133,0.221,-0.935,-0.132,0.234,-0.960,-0.134,0.241,-0.945,-0.136,0.274,-0.951,-0.140,0.266,-0.945,-0.122,0.190,-0.957,-0.129,0.225,-0.943,-0.131,0.225,-0.957,-0.140,0.253,-0.950,-18.837,35.658,-145.308,-0.123,0.233,-0.950,0.045,0.048,0.051,-0.366,0.205,-0.054,NoTouching
-0.137,0.243,-0.947,-0.141,0.309,-0.943,-0.153,0.279,-0.946,-0.061,0.100,-0.960,-0.060,0.120,-0.970,-0.217,0.305,-0.952,-0.109,0.253,-0.924,-0.136,0.236,-0.982,-0.124,0.251,-0.933,-0.137,0.211,-0.976,-19.465,35.435,-145.689,-0.127,0.232,-0.952,0.067,0.120,0.080,-0.524,0.518,-0.084,NoTouching
-0.127,0.278,-0.946,-0.084,0.242,-0.941,-0.141,0.225,-0.945,-0.143,0.279,-0.949,-0.140,0.299,-0.934,-0.150,0.316,-0.939,-0.127,0.294,-0.928,-0.140,0.291,-0.917,-0.154,0.262,-0.949,-0.139,0.296,-0.939,-20.552,42.440,-143.601,-0.134,0.277,-0.939,0.040,0.051,0.045,-0.298,0.182,-0.047,NoTouching
-0.175,0.166,-0.970,-0.111,0.253,-0.934,-0.135,0.253,-0.960,-0.132,0.269,-0.950,-0.139,0.219,-0.952,-0.150,0.207,-0.954,-0.069,0.198,-0.963,-0.107,0.220,-0.956,-0.207,0.271,-0.946,-0.162,0.250,-0.944,-20.890,34.891,-144.885,-0.137,0.230,-0.953,0.082,0.065,0.052,-0.598,0.281,-0.055,NoTouching
-0.154,0.276,-0.937,-0.149,0.287,-0.940,-0.133,0.237,-0.969,-0.068,0.210,-0.945,-0.148,0.203,-0.940,-0.130,0.247,-0.957,-0.162,0.297,-0.946,-0.157,0.265,-0.954,-0.135,0.162,-0.927,-0.035,0.161,-1.010,-20.146,36.559,-146.330,-0.131,0.237,-0.950,0.059,0.067,0.064,-0.448,0.284,-0.068,NoTouching
-0.135,0.272,-0.941,-0.140,0.277,-0.936,-0.140,0.311,-0.932,-0.154,0.311,-0.924,-0.149,0.324,-0.923,-0.157,0.317,-0.921,-0.155,0.302,-0.930,-0.140,0.277,-0.942,-0.137,0.302,-0.920,-0.124,0.275,-0.962,-22.160,45.824,-143.546,-0.144,0.298,-0.932,0.018,0.035,0.026,-0.122,0.116,-0.028,NoTouching
-0.291,0.866,0.247,-0.268,0.787,0.099,-0.437,1.001,-0.128,-0.450,0.955,-0.173,-0.417,0.856,-0.074,-0.553,0.823,-0.129,-0.667,0.638,0.054,-0.713,0.639,0.258,-0.749,0.641,0.209,-0.777,0.652,0.047,-78.161,119.858,6.133,-0.518,0.794,0.041,0.176,0.137,0.167,-0.339,0.172,4.106,NoTouching
-0.540,0.530,0.176,-0.585,0.515,0.277,-0.726,0.921,0.333,-0.582,0.401,0.157,-0.407,1.013,0.442,-0.605,0.934,0.089,-0.530,0.702,-0.173,-0.438,0.821,-0.499,-0.516,0.642,-0.302,-0.483,0.952,-0.036,-82.742,111.257,7.698,-0.544,0.732,0.051,0.106,0.249,0.300,-0.195,0.340,5.930,NoTouching
-0.562,0.365,-0.171,-0.379,0.440,-0.155,-0.715,0.966,-0.406,-0.660,0.587,-0.357,-0.366,0.757,-0.418,-0.524,0.830,-0.339,-0.429,0.935,-0.221,-0.393,0.716,-0.518,-0.293,0.205,-0.906,-0.304,0.362,-0.890,-71.559,95.702,-62.970,-0.471,0.630,-0.414,0.153,0.312,0.255,-0.324,0.495,-0.615,NoTouching
-0.276,0.194,-0.936,-0.283,0.205,-0.954,-0.299,-0.014,-0.971,-0.549,0.524,-0.426,-0.574,0.789,-0.413,-0.517,0.524,-0.501,-0.333,0.726,-0.692,-0.336,0.639,-0.670,-0.326,0.644,-0.699,-0.344,0.649,-0.657,-58.275,72.231,-104.765,-0.386,0.478,-0.694,0.120,0.275,0.217,-0.311,0.574,-0.313,NoTouching
-0.361,0.362,-0.796,-0.467,0.449,-0.687,-0.438,0.427,-0.783,-0.383,0.331,-0.794,-0.248,0.498,-0.880,-0.327,0.401,-0.810,-0.292,0.461,-0.845,-0.322,0.461,-0.790,-0.256,0.212,-0.947,-0.193,0.042,-1.041,-50.858,57.915,-124.623,-0.337,0.384,-0.825,0.099,0.151,0.106,-0.293,0.394,-0.129,NoTouching
-0.388,0.862,-0.386,-0.372,0.665,-0.615,-0.388,0.726,-0.498,-0.363,0.763,-0.503,-0.400,0.944,-0.119,-0.412,0.851,0.021,-0.379,0.907,0.047,-0.367,0.929,0.168,-0.351,0.918,0.156,-0.360,0.902,0.169,-57.232,127.327,-26.492,-0.379,0.843,-0.175,0.032,0.124,0.301,-0.086,0.147,-1.717,NoTouching
-0.350,0.890,0.260,-0.350,0.901,0.211,-0.355,0.911,0.205,-0.364,0.936,0.141,-0.359,0.935,-0.106,-0.328,0.727,-0.460,-0.334,0.611,-0.717,-0.393,0.466,-0.707,-0.230,0.447,-0.899,-0.278,0.380,-0.841,-49.569,107.298,-41.996,-0.335,0.725,-0.284,0.058,0.221,0.460,-0.175,0.304,-1.620,NoTouching
-0.561,0.197,-0.076,-0.482,1.120,0.309,-0.500,0.846,0.218,-0.444,0.782,0.179,-0.425,0.838,0.478,-0.408,0.816,0.475,-0.423,0.824,0.284,-0.392,0.905,0.003,-0.335,0.871,-0.370,-0.384,0.847,-0.314,-66.219,121.124,21.782,-0.439,0.802,0.144,0.091,0.289,0.292,-0.208,0.361,2.025,NoTouching
-0.158,0.136,-1.000,-0.232,0.073,-0.952,-0.324,0.312,-0.816,-0.244,0.486,-0.841,-0.207,0.388,-0.891,-0.216,0.353,-0.905,-0.231,0.409,-0.877,-0.289,0.341,-0.872,-0.331,0.353,-0.845,-0.328,0.325,-0.817,-38.015,47.863,-133.702,-0.252,0.317,-0.885,0.061,0.126,0.062,-0.244,0.398,-0.070,NoTouching
-0.268,0.465,-0.814,-0.274,0.576,-0.765,-0.295,0.469,-0.805,-0.264,0.578,-0.760,-0.262,0.565,-0.749,-0.266,0.585,-0.759,-0.266,0.549,-0.766,-0.274,0.561,-0.759,-0.260,0.558,-0.780,-0.283,0.524,-0.833,-40.828,82.169,-117.145,-0.270,0.544,-0.776,0.019,0.071,0.047,-0.071,0.131,-0.061,NoTouching
0.144,0.716,0.045,0.641,1.116,0.407,0.190,0.691,-0.055,0.287,0.936,0.460,0.595,0.486,0.962,0.078,0.840,0.362,0.475,1.035,0.317,0.511,0.480,-0.614,0.356,0.195,-0.503,0.356,1.346,0.403,54.903,113.331,24.915,0.364,0.751,0.165,0.411,0.421,0.668,1.130,0.562,4.047,NoTouching
0.534,0.780,0.737,0.252,0.630,0.674,0.146,0.783,0.353,0.491,0.544,1.200,-0.006,0.693,0.363,0.631,0.980,0.651,0.193,0.512,-0.471,0.785,0.296,-0.504,0.135,0.876,-0.133,0.775,1.163,0.613,56.005,105.627,50.230,0.371,0.700,0.333,0.422,0.387,0.700,1.137,0.553,2.105,NoTouching
0.445,0.601,0.749,0.132,0.603,0.744,0.503,0.315,1.005,-0.024,0.564,0.654,0.651,0.381,1.091,-0.055,0.654,0.412,0.637,0.526,0.968,0.171,0.844,0.381,0.493,1.056,0.133,0.326,0.236,-0.512,49.523,90.361,94.624,0.328,0.598,0.627,0.463,0.328,0.510,1.410,0.548,0.814,NoTouching
0.206,0.694,0.692,0.222,0.655,0.554,0.491,0.890,0.779,-0.021,0.729,0.213,0.585,0.591,1.076,0.008,0.682,0.359,0.584,0.610,0.837,0.331,0.823,0.531,0.163,0.725,0.428,0.153,1.284,0.053,42.163,111.362,87.870,0.279,0.737,0.582,0.510,0.268,0.574,1.827,0.363,0.986,NoTouching
0.040,0.831,-0.025,0.393,0.663,0.636,0.047,0.618,0.699,0.560,0.316,1.142,-0.146,0.717,0.364,0.643,0.507,1.056,-0.073,0.828,0.311,0.467,0.560,0.838,0.366,0.896,0.633,0.208,0.894,0.477,38.225,101.222,93.797,0.253,0.670,0.621,0.540,0.293,0.564,2.134,0.438,0.908,NoTouching
0.230,0.882,0.408,0.271,0.822,0.273,0.320,0.897,0.743,0.319,0.742,0.498,0.025,0.630,0.596,0.449,0.333,0.925,0.043,0.560,0.925,0.391,0.312,0.925,0.132,0.744,0.544,0.242,0.608,0.601,36.324,97.959,96.559,0.242,0.653,0.644,0.579,0.341,0.643,2.393,0.523,0.999,NoTouching
0.012,0.708,0.116,0.393,0.745,0.695,0.304,0.895,0.594,0.116,0.867,0.251,0.381,0.705,0.749,0.092,1.000,0.305,0.468,1.203,0.170,0.274,0.015,-0.709,0.680,0.730,-0.640,0.160,-0.288,-0.963,44.647,107.871,17.757,0.296,0.714,0.118,0.490,0.511,0.761,1.659,0.715,6.471,NoTouching
0.690,-0.098,-0.893,0.326,-0.663,-0.576,0.764,-0.035,-0.803,0.344,0.504,-0.493,-0.004,1.424,-0.405,0.202,0.527,-0.027,0.355,0.999,0.706,0.173,0.708,0.721,-0.123,0.696,0.297,0.433,0.451,0.509,47.075,68.604,-19.480,0.310,0.451,-0.128,0.466,0.760,0.841,1.506,1.684,-6.560,NoTouching
-0.065,0.676,0.465,0.541,0.344,1.192,-0.052,0.872,0.341,0.489,1.292,0.539,0.353,0.073,-0.635,0.529,0.254,-0.803,0.641,0.502,-0.762,0.272,0.278,-0.726,0.530,1.119,-0.124,0.177,0.902,-0.442,53.052,92.864,-11.291,0.351,0.615,-0.075,0.445,0.596,0.742,1.266,0.970,-9.922,NoTouching
0.146,0.830,0.050,-0.057,0.822,0.161,0.036,1.107,0.147,0.499,0.442,-0.780,0.828,0.276,-0.931,0.942,0.083,-0.384,0.750,0.247,-0.256,1.227,0.462,0.006,1.259,0.872,0.043,0.567,0.207,-0.091,94.069,83.718,-31.750,0.623,0.554,-0.210,0.549,0.469,0.450,0.882,0.846,-2.139,NoTouching
-0.059,0.011,-0.979,-0.059,-0.025,-1.007,-0.217,-0.023,-1.020,-0.133,0.437,-0.757,-0.194,0.265,-1.045,-0.056,0.157,-0.861,-0.590,0.715,-0.898,-0.804,0.436,-0.471,-0.622,-0.009,-0.375,-0.872,0.031,-0.415,-52.485,31.746,-122.744,-0.341,0.206,-0.797,0.338,0.285,0.274,-0.990,1.381,-0.344,NoTouching
-0.437,-0.143,-0.887,-0.417,-0.130,-0.907,-0.689,0.255,-0.764,-0.931,0.041,-0.422,-0.789,-0.200,-0.259,-0.895,-0.165,-0.295,-0.913,-0.164,-0.354,-0.921,-0.163,-0.333,-0.921,-0.182,-0.304,-0.924,-0.194,-0.316,-117.984,-15.142,-74.932,-0.776,-0.100,-0.493,0.205,0.161,0.255,-0.264,-1.616,-0.517,NoTouching
0.068,-0.177,-0.973,0.111,-0.266,-0.939,-0.669,-0.099,-1.108,-0.336,0.445,-0.743,0.259,0.163,-0.819,0.132,-0.016,-1.014,0.406,0.170,-1.214,-0.545,0.569,-0.252,-0.806,0.289,-0.361,-0.761,0.552,-0.288,-28.938,22.199,-121.361,-0.189,0.145,-0.793,0.489,0.366,0.364,-2.586,2.520,-0.459,NoTouching
-0.029,-0.211,-0.970,0.054,-0.168,-1.079,-0.390,0.181,-1.143,-0.648,0.028,-0.216,-0.811,0.358,-0.280,-0.880,0.454,-0.237,-0.917,0.345,-0.266,-0.840,0.304,-0.100,-0.869,0.343,-0.256,-0.557,0.449,-0.333,-89.744,29.744,-75.405,-0.590,0.196,-0.496,0.362,0.245,0.410,-0.614,1.254,-0.825,NoTouching
-0.188,0.087,-0.962,-0.182,0.095,-0.957,-0.187,0.151,-0.939,-0.564,0.505,-1.188,-0.668,0.097,-0.743,-0.586,0.012,-0.368,-0.746,0.230,-0.266,-0.984,0.054,-0.330,-0.907,0.111,-0.279,-0.949,0.101,-0.287,-87.775,22.291,-98.813,-0.577,0.147,-0.650,0.318,0.164,0.350,-0.552,1.117,-0.538,NoTouching
-0.249,0.102,-0.944,-0.241,0.133,-0.941,-0.492,0.350,-0.881,-0.336,0.576,-0.603,-0.212,0.903,-0.447,-0.299,1.032,-0.491,-0.562,0.680,-0.539,-0.650,0.166,-0.572,-0.691,-0.044,-0.622,-0.703,-0.118,-0.628,-65.327,61.439,-101.675,-0.430,0.404,-0.669,0.191,0.382,0.189,-0.445,0.945,-0.282,NoTouching
-0.130,-0.108,-0.971,-0.046,-0.126,-1.001,-0.517,0.467,-1.219,-0.695,-0.019,-0.354,-0.714,-0.262,-0.237,-0.841,-0.269,-0.360,-0.826,-0.281,-0.331,-0.904,-0.312,-0.389,-0.774,-0.297,-0.290,-0.751,-0.370,-0.215,-93.157,-22.256,-84.152,-0.613,-0.146,-0.554,0.311,0.245,0.374,-0.508,-1.674,-0.675,NoTouching
-0.128,0.105,-1.019,-0.163,0.247,-0.953,-0.630,0.444,-0.523,-0.348,0.655,-0.734,-0.326,0.298,-0.860,-0.323,0.501,-0.876,-0.878,0.721,-0.450,-0.705,0.128,-0.334,-0.812,0.080,-0.344,-0.929,0.110,-0.285,-76.418,51.749,-99.748,-0.503,0.340,-0.656,0.324,0.260,0.284,-0.645,0.763,-0.433,NoTouching
-0.360,-0.113,-0.938,-0.579,0.185,-0.827,-0.858,0.495,-0.265,-0.805,0.348,-0.245,-0.864,0.402,-0.177,-0.896,0.377,-0.108,-0.814,0.421,-0.203,-0.723,0.445,-0.242,-0.738,0.490,-0.155,-0.667,0.632,-0.332,-111.539,53.876,-53.217,-0.734,0.354,-0.350,0.166,0.202,0.293,-0.227,0.570,-0.836,NoTouching
-0.040,-0.275,-0.942,-0.022,-0.288,-0.918,-0.205,-0.084,-1.101,-0.521,0.257,-1.129,-0.652,0.075,-0.549,-0.713,-0.032,-0.218,-0.829,-0.132,-0.251,-1.000,-0.209,-0.190,-0.969,-0.088,-0.196,-0.970,-0.030,-0.152,-86.972,-12.666,-89.121,-0.572,-0.083,-0.586,0.388,0.182,0.401,-0.678,-2.187,-0.684,NoTouching
-0.148,0.061,-0.989,-0.096,0.003,-1.020,-0.489,0.340,-0.705,-0.334,0.458,-0.805,-0.268,0.502,-0.917,-0.646,0.805,-0.494,-0.771,0.414,-0.384,-0.769,0.078,-0.402,-0.859,0.101,-0.339,-0.993,0.134,-0.237,-78.048,45.252,-98.782,-0.513,0.298,-0.650,0.300,0.271,0.279,-0.585,0.909,-0.429,NoTouching
-0.066,-0.165,-0.984,-0.005,-0.108,-1.220,-0.654,0.061,-0.932,-0.661,0.169,-0.332,-0.674,0.103,-0.307,-0.853,0.092,-0.344,-1.026,0.164,-0.263,-0.947,0.205,-0.203,-0.918,0.281,-0.212,-0.916,0.307,-0.263,-100.172,15.283,-78.860,-0.659,0.101,-0.519,0.389,0.163,0.388,-0.591,1.619,-0.748,NoTouching
-0.245,-0.009,-0.956,-0.306,0.071,-0.948,-0.500,0.505,-0.661,-0.272,0.759,-0.635,-0.361,0.921,-0.573,-0.571,0.718,-0.620,-0.662,0.208,-0.532,-0.682,-0.035,-0.509,-0.749,-0.193,-0.536,-0.799,-0.204,-0.562,-76.736,45.278,-100.559,-0.502,0.296,-0.657,0.209,0.408,0.172,-0.416,1.377,-0.262,NoTouching
-0.148,0.107,-0.966,-0.153,0.128,-0.962,-0.134,0.166,-1.025,-0.499,0.193,-1.140,-0.572,0.146,-0.632,-0.661,0.144,-0.453,-0.780,0.082,-0.555,-0.784,0.021,-0.536,-0.806,0.039,-0.580,-0.831,0.031,-0.564,-79.270,16.678,-114.092,-0.522,0.110,-0.751,0.282,0.094,0.254,-0.540,0.854,-0.338,NoTouching
-0.268,0.070,-0.954,-0.247,0.145,-0.972,-0.610,0.628,-0.712,-0.798,0.632,-0.102,-0.689,0.389,-0.168,-0.939,0.339,0.041,-0.962,0.302,0.012,-0.820,0.381,-0.086,-0.745,0.377,-0.066,-0.741,0.481,0.037,-103.174,56.045,-47.796,-0.679,0.369,-0.314,0.256,0.187,0.405,-0.376,0.508,-1.287,NoTouching
-0.273,0.088,-0.951,-0.271,0.143,-0.958,-0.522,0.359,-0.945,-0.831,0.504,-0.593,-0.741,0.077,-0.331,-0.861,-0.227,-0.274,-0.938,-0.287,-0.200,-0.848,-0.330,-0.110,-0.811,-0.398,-0.231,-0.827,-0.398,-0.285,-104.129,-4.301,-75.767,-0.685,-0.028,-0.498,0.243,0.312,0.336,-0.355,-11.038,-0.673,NoTouching
-0.455,0.636,-0.622,-0.463,0.663,-0.611,-0.547,0.684,-0.587,-0.738,0.565,-0.507,-0.797,0.294,-0.394,-0.846,0.117,-0.246,-0.959,0.025,-0.228,-0.985,0.005,-0.243,-0.951,-0.045,-0.148,-0.930,-0.074,-0.135,-115.314,46.515,-58.442,-0.759,0.306,-0.384,0.202,0.303,0.184,-0.266,0.989,-0.480,NoTouching
-0.128,-0.012,-0.971,-0.038,0.124,-1.123,-0.643,0.437,-1.082,-0.692,-0.035,-0.291,-0.706,-0.238,-0.168,-0.891,-0.191,-0.333,-0.902,-0.225,-0.343,-0.887,-0.242,-0.344,-0.906,-0.232,-0.252,-0.851,-0.328,-0.345,-98.651,-12.086,-80.915,-0.653,-0.080,-0.536,0.318,0.229,0.377,-0.487,-2.855,-0.703,NoTouching
-0.201,0.250,-0.933,-0.189,0.253,-0.928,-0.181,0.306,-0.927,-0.382,0.627,-1.062,-0.718,0.449,-0.530,-0.724,-0.076,-0.161,-0.803,-0.243,-0.282,-0.907,-0.202,-0.274,-0.950,-0.202,-0.267,-0.935,-0.191,-0.246,-88.389,17.070,-87.801,-0.582,0.112,-0.578,0.314,0.314,0.353,-0.541,2.799,-0.611,NoTouching
-0.018,-0.220,-0.939,0.021,-0.102,-1.092,-0.504,0.321,-0.954,-0.810,0.238,-0.410,-0.753,-0.179,-0.253,-0.940,-0.053,-0.262,-0.965,-0.056,-0.221,-0.980,-0.060,-0.149,-0.964,-0.042,-0.184,-0.968,-0.043,-0.183,-102.341,-2.794,-72.871,-0.673,-0.018,-0.479,0.384,0.183,0.364,-0.571,-9.951,-0.759,NoTouching
-0.303,0.792,-0.504,-0.267,0.781,-0.520,-0.297,0.970,-0.431,-0.724,0.818,0.068,-0.793,0.415,0.028,-0.869,0.284,-0.119,-0.926,0.265,-0.097,-0.909,0.265,-0.049,-0.968,0.229,-0.162,-0.853,0.261,-0.070,-103.732,79.196,-29.135,-0.682,0.521,-0.192,0.284,0.293,0.221,-0.416,0.563,-1.153,NoTouching
-0.290,0.314,-0.898,-0.212,0.293,-1.020,-0.344,0.176,-0.751,-0.447,0.298,-0.783,-0.323,0.560,-0.803,-0.779,1.066,-0.167,-0.694,0.763,0.277,-0.509,0.597,0.091,-0.789,0.332,0.177,-0.962,0.454,-0.034,-76.906,73.545,-62.268,-0.509,0.487,-0.412,0.237,0.276,0.495,-0.466,0.566,-1.201,NoTouching
-0.293,0.290,-0.892,-0.277,0.298,-0.889,-0.292,0.360,-0.932,-0.670,0.790,-0.680,-0.644,0.815,-0.011,-0.535,0.743,-0.142,-0.835,0.428,-0.015,-0.944,0.387,-0.006,-0.821,0.309,0.012,-0.813,0.486,-0.105,-91.490,74.602,-57.736,-0.602,0.491,-0.380,0.249,0.218,0.422,-0.414,0.445,-1.111,NoTouching
-0.282,0.246,-0.909,-0.266,0.232,-0.920,-0.247,0.233,-0.915,-0.333,0.205,-0.882,-0.392,0.533,-0.930,-0.817,0.858,-0.661,-0.629,0.096,-0.260,-0.692,-0.242,-0.267,-0.916,-0.238,-0.277,-0.923,-0.276,-0.252,-81.483,28.269,-98.581,-0.533,0.185,-0.644,0.262,0.354,0.307,-0.492,1.918,-0.476,NoTouching
-0.277,0.264,-0.905,-0.269,0.272,-0.902,-0.279,0.313,-0.904,-0.537,0.484,-1.005,-0.726,0.499,-0.677,-0.630,0.377,-0.366,-0.710,0.239,-0.121,-0.897,0.106,-0.027,-1.043,0.169,0.071,-0.990,0.256,0.037,-93.817,45.621,-77.090,-0.617,0.300,-0.507,0.299,0.133,0.419,-0.485,0.444,-0.826,NoTouching
-0.403,0.227,-0.940,-0.433,0.336,-0.708,-0.251,0.630,-0.748,-0.278,0.692,-0.669,-0.349,0.859,-0.731,-0.580,0.586,-0.702,-0.690,0.073,-0.612,-0.681,-0.186,-0.575,-0.671,-0.360,-0.551,-0.667,-0.419,-0.535,-74.702,42.377,-104.067,-0.491,0.279,-0.685,0.178,0.425,0.122,-0.361,1.526,-0.179,NoTouching
-0.270,0.131,-1.003,-0.394,0.212,-0.810,-0.158,0.537,-0.778,-0.276,0.948,-0.697,-0.514,0.668,-0.621,-0.670,0.205,-0.394,-0.871,0.054,-0.377,-0.957,0.057,-0.335,-0.932,0.091,-0.220,-0.954,0.023,-0.144,-87.363,46.612,-84.772,-0.579,0.309,-0.561,0.303,0.313,0.264,-0.524,1.012,-0.471,NoTouching
-0.125,-0.153,-1.018,-0.179,-0.023,-1.026,-0.571,0.296,-0.684,-0.986,0.369,-0.382,-0.681,0.192,-0.500,-0.774,0.400,-0.349,-0.799,0.393,-0.359,-0.741,-0.011,-0.468,-0.539,0.007,-0.385,-0.531,0.461,-0.635,-90.539,27.223,-87.798,-0.596,0.179,-0.578,0.278,0.262,0.269,-0.467,1.461,-0.466,NoTouching
-0.183,-0.005,-1.003,-0.417,0.001,-1.152,-0.578,0.100,-0.922,-0.534,0.077,-0.427,-0.676,0.049,-0.256,-1.038,0.167,-0.447,-0.897,0.075,-0.433,-0.881,-0.095,-0.293,-0.788,0.366,-0.644,-0.818,0.264,-0.499,-102.432,13.869,-93.226,-0.674,0.091,-0.613,0.361,0.145,0.312,-0.536,1.588,-0.509,NoTouching
-0.120,-0.275,-1.001,-0.202,-0.145,-1.024,-0.744,0.030,-0.621,-0.775,0.036,-0.491,-0.750,0.281,-0.507,-0.675,0.172,-0.532,-0.722,0.192,-0.359,-0.478,0.800,-0.638,-0.298,0.579,-0.947,-0.227,0.267,-0.909,-77.848,28.597,-104.294,-0.516,0.189,-0.691,0.266,0.335,0.262,-0.516,1.768,-0.380,NoTouching
-0.103,-0.319,-0.958,-0.141,-0.213,-1.177,-0.630,0.336,-0.741,-0.704,-0.179,-0.310,-0.798,-0.125,-0.356,-0.893,-0.028,-0.500,-0.885,-0.048,-0.465,-0.855,-0.042,-0.376,-0.904,-0.190,-0.468,-0.813,-0.097,-0.432,-101.114,-13.684,-89.067,-0.665,-0.090,-0.586,0.298,0.195,0.298,-0.448,-2.164,-0.508,NoTouching
-0.100,-0.173,-0.978,-0.108,-0.084,-1.031,-0.480,0.890,-0.552,-0.778,0.272,-0.320,-0.809,0.319,-0.214,-0.969,0.368,-0.126,-0.901,0.326,-0.063,-0.976,0.352,-0.130,-0.849,0.330,-0.164,-0.779,0.311,-0.369,-101.754,44.071,-60.206,-0.669,0.290,-0.396,0.336,0.294,0.361,-0.502,1.016,-0.911,NoTouching
-0.053,-0.076,-1.063,-0.128,-0.084,-0.916,-0.472,-0.035,-0.700,-0.388,0.470,-0.896,-0.652,0.907,-0.450,-0.883,0.639,-0.297,-0.662,0.148,-0.304,-0.916,0.084,-0.156,-0.971,0.067,-0.144,-0.990,0.061,-0.108,-88.936,34.335,-79.558,-0.589,0.227,-0.527,0.337,0.344,0.352,-0.572,1.512,-0.668,NoTouching
-0.099,-0.161,-0.970,-0.087,-0.191,-1.046,-0.430,0.028,-1.255,-0.647,0.229,-0.721,-0.798,0.160,-0.272,-0.819,0.120,-0.138,-0.882,0.056,-0.144,-0.936,0.040,-0.174,-0.918,0.023,-0.249,-0.880,0.020,-0.262,-96.869,5.026,-81.598,-0.637,0.033,-0.537,0.322,0.133,0.423,-0.505,4.034,-0.787,NoTouching
-0.083,-0.039,-1.004,0.006,-0.322,-1.245,-0.506,0.209,-0.530,-0.160,0.265,-0.902,-0.205,0.035,-1.011,-0.016,0.157,-1.056,-0.466,0.624,-0.628,-0.754,0.555,-0.338,-0.620,0.452,-0.614,-0.771,0.385,-0.408,-50.245,33.652,-120.113,-0.333,0.223,-0.795,0.314,0.299,0.333,-0.943,1.343,-0.418,NoTouching
-0.097,0.037,-1.018,0.005,-0.013,-0.924,-0.496,0.085,-0.856,-0.218,0.390,-1.018,-0.736,0.832,-0.534,-0.780,0.392,-0.278,-0.710,0.003,-0.442,-0.898,0.011,-0.295,-0.946,-0.034,-0.216,-0.925,-0.029,-0.239,-85.409,27.044,-91.199,-0.562,0.178,-0.600,0.350,0.296,0.333,-0.623,1.666,-0.555,NoTouching
-0.007,-0.044,-1.038,0.017,0.066,-0.932,-0.501,0.137,-0.711,-0.397,0.371,-0.985,-0.197,0.477,-0.921,-0.681,0.980,-0.711,-0.687,0.390,-0.358,-0.663,-0.176,-0.233,-0.878,-0.166,-0.191,-0.951,-0.189,-0.211,-71.320,28.255,-93.745,-0.485,0.192,-0.638,0.332,0.373,0.339,-0.684,1.940,-0.531,NoTouching
-0.050,-0.007,-1.014,-0.090,0.071,-0.930,-0.443,0.159,-0.855,-0.280,0.484,-0.947,-0.691,0.855,-0.550,-0.691,0.284,-0.264,-0.801,0.017,-0.291,-0.957,0.107,-0.280,-0.934,0.087,-0.206,-0.962,0.112,-0.214,-86.695,33.814,-87.144,-0.570,0.222,-0.573,0.340,0.279,0.336,-0.596,1.254,-0.586,NoTouching
-0.138,-0.042,-1.026,-0.308,0.214,-0.827,-0.229,0.562,-0.806,-0.222,0.741,-0.759,-0.510,0.787,-0.757,-0.652,0.284,-0.550,-0.737,-0.015,-0.378,-0.833,-0.187,-0.322,-0.934,-0.125,-0.329,-0.949,-0.159,-0.306,-80.610,34.214,-94.508,-0.530,0.225,-0.622,0.292,0.369,0.250,-0.551,1.638,-0.403,NoTouching
-0.135,0.032,-0.981,-0.221,0.147,-1.020,-0.392,0.324,-0.780,-0.243,0.533,-0.813,-0.245,0.801,-0.782,-0.479,0.601,-0.853,-0.605,0.096,-0.567,-0.710,-0.179,-0.419,-0.787,-0.347,-0.429,-0.809,-0.415,-0.429,-67.528,28.809,-109.725,-0.444,0.190,-0.722,0.236,0.384,0.220,-0.530,2.028,-0.305,NoTouching
