f0,f1,f2,f3,f4,f5,f6,f7,f8,f9,f10,f11,f12,f13,f14,f15,f16,f17,class
-48.524,78.219,-79.190,0.050,0.393,0.351,0.050,0.380,0.343,0.000,1.000,1.000,0.242,-0.413,0.253,2.338,1.493,1.374,NoTouching
-60.223,121.657,37.955,0.056,0.143,0.306,0.056,0.143,0.299,0.000,0.000,3.000,0.403,0.059,-0.154,2.811,2.165,1.537,NoTouching
-74.123,115.623,48.422,0.068,0.076,0.201,0.068,0.074,0.201,0.000,0.000,4.000,-0.072,-0.093,0.110,1.816,3.730,2.168,NoTouching
-57.310,114.006,73.808,0.054,0.143,0.219,0.051,0.143,0.206,0.000,0.000,5.000,-0.587,0.097,-0.744,4.557,2.833,2.488,NoTouching
-79.104,107.408,70.674,0.108,0.097,0.161,0.098,0.097,0.161,0.000,0.000,1.000,-0.899,0.000,-1.228,2.745,2.174,5.112,NoTouching
-54.487,71.107,-115.103,0.050,0.116,0.104,0.050,0.105,0.096,0.000,0.000,0.000,-0.209,1.979,1.126,3.250,7.169,3.413,NoTouching
-66.514,112.287,22.455,0.060,0.147,0.410,0.060,0.146,0.372,0.000,0.000,1.000,-0.181,0.328,-0.658,3.341,4.791,1.875,NoTouching
-75.017,87.573,94.913,0.035,0.121,0.105,0.033,0.119,0.100,0.000,0.000,0.000,1.555,0.509,-1.164,5.828,2.342,4.090,NoTouching
-61.147,66.146,-102.739,0.061,0.111,0.260,0.059,0.103,0.215,0.000,0.000,0.000,1.008,2.201,1.835,5.108,10.038,5.861,NoTouching
-63.768,67.761,-111.651,0.070,0.105,0.081,0.070,0.104,0.080,0.000,0.000,0.000,-0.216,0.618,0.636,2.473,3.045,4.411,NoTouching
272.095,145.466,61.925,0.508,1.553,0.683,0.507,1.486,0.656,0.000,4.000,13.000,0.242,-0.348,0.748,2.348,3.496,3.562,NoTouching
281.200,145.447,141.990,0.437,1.493,0.629,0.430,1.331,0.624,0.000,4.000,8.000,-0.785,-0.611,1.095,3.161,3.487,4.111,NoTouching
248.319,128.171,78.195,0.440,1.452,0.816,0.439,1.304,0.808,0.000,4.000,9.000,0.149,-0.443,0.170,3.030,4.179,4.774,NoTouching
223.129,126.864,82.865,0.485,1.442,0.815,0.483,1.353,0.793,0.000,3.000,6.000,0.505,-0.274,0.588,3.201,3.628,3.392,NoTouching
241.087,287.047,93.771,0.367,1.214,0.433,0.361,1.214,0.433,0.000,3.000,6.000,-0.368,-0.569,1.209,2.449,4.233,5.407,NoTouching
242.387,214.835,107.196,0.424,1.450,0.748,0.424,1.441,0.736,0.000,3.000,11.000,0.645,-0.258,0.758,3.465,3.850,4.466,NoTouching
273.270,132.701,118.360,0.400,1.598,0.450,0.400,1.473,0.450,0.000,4.000,11.000,-0.073,-0.539,0.401,3.606,4.155,3.830,NoTouching
236.527,146.629,101.357,0.441,1.505,0.542,0.438,1.352,0.520,0.000,4.000,6.000,0.401,-0.630,1.201,2.794,3.584,4.117,NoTouching
250.702,193.741,79.143,0.622,1.515,0.604,0.615,1.417,0.571,0.000,3.000,14.000,0.334,-0.501,1.133,2.118,3.377,4.415,NoTouching
235.689,268.736,56.020,0.435,1.175,0.464,0.420,1.174,0.463,0.000,2.000,12.000,0.932,0.514,-1.203,3.768,6.922,11.264,NoTouching
-14.437,18.885,-147.299,0.040,0.171,0.040,0.040,0.169,0.039,2.000,3.000,0.000,-0.189,-0.448,0.156,2.835,2.409,3.952,NoTouching
-17.786,40.380,-145.127,0.066,0.066,0.045,0.065,0.066,0.045,10.000,0.000,0.000,0.314,-0.471,-0.373,3.109,2.823,3.929,NoTouching
-19.674,42.207,-144.018,0.038,0.058,0.040,0.037,0.058,0.040,6.000,0.000,0.000,-1.579,-0.282,0.074,14.030,2.704,6.204,NoTouching
-15.680,31.857,-147.712,0.052,0.099,0.038,0.050,0.098,0.037,8.000,6.000,0.000,0.949,-0.164,-0.980,4.591,2.802,7.119,NoTouching
-18.837,35.658,-145.308,0.029,0.037,0.033,0.029,0.036,0.033,3.000,0.000,0.000,0.787,0.133,-0.178,7.180,3.956,5.910,NoTouching
-19.465,35.435,-145.689,0.043,0.082,0.057,0.042,0.082,0.057,4.000,8.000,0.000,0.787,-1.125,-0.794,6.655,5.749,5.698,NoTouching
-20.552,42.440,-143.601,0.029,0.041,0.033,0.029,0.041,0.033,2.000,0.000,0.000,0.233,-0.234,-0.087,5.103,3.038,3.468,NoTouching
-20.890,34.891,-144.885,0.047,0.051,0.037,0.046,0.050,0.037,4.000,0.000,0.000,-2.871,0.188,-0.248,26.994,3.921,4.901,NoTouching
-20.146,36.559,-146.330,0.039,0.054,0.046,0.038,0.054,0.046,4.000,0.000,0.000,1.314,0.125,-0.102,7.399,4.342,3.747,NoTouching
-22.160,45.824,-143.546,0.013,0.026,0.018,0.013,0.026,0.018,0.000,0.000,0.000,0.570,0.441,-0.523,6.457,4.066,4.802,NoTouching
-78.161,119.858,6.133,0.155,0.116,0.150,0.154,0.115,0.150,0.000,0.000,1.000,0.006,0.242,0.052,1.647,2.146,1.541,NoTouching
-82.742,111.257,7.698,0.082,0.216,0.250,0.082,0.215,0.242,0.000,0.000,4.000,-0.113,-0.081,-0.376,3.277,1.947,2.353,NoTouching
-71.559,95.702,-62.970,0.123,0.273,0.199,0.118,0.272,0.192,0.000,0.000,0.000,-0.804,-0.021,-0.956,3.056,1.910,3.026,NoTouching
-58.275,72.231,-104.765,0.105,0.243,0.170,0.094,0.225,0.170,0.000,2.000,0.000,-0.711,-0.538,-0.036,2.063,2.163,2.189,NoTouching
-50.858,57.915,-124.623,0.076,0.119,0.078,0.075,0.114,0.078,0.000,0.000,0.000,-0.652,-0.591,-0.230,3.401,2.889,3.155,NoTouching
-57.232,127.327,-26.492,0.026,0.099,0.277,0.025,0.095,0.270,0.000,0.000,3.000,-0.990,-0.455,-0.260,3.939,3.559,1.504,NoTouching
-49.569,107.298,-41.996,0.045,0.203,0.432,0.042,0.191,0.431,0.000,0.000,1.000,0.774,-0.451,-0.078,3.936,1.540,1.275,NoTouching
-66.219,121.124,21.782,0.065,0.173,0.241,0.059,0.170,0.235,0.000,0.000,2.000,-1.765,0.262,-0.459,7.479,7.656,2.337,NoTouching
-38.015,47.863,-133.702,0.054,0.096,0.045,0.053,0.091,0.045,0.000,0.000,0.000,-0.111,-0.819,-0.527,1.875,2.878,2.996,NoTouching
-40.828,82.169,-117.145,0.014,0.050,0.030,0.014,0.049,0.029,0.000,0.000,0.000,0.152,-0.397,0.897,3.680,4.499,10.335,NoTouching
54.903,113.331,24.915,0.319,0.328,0.566,0.319,0.327,0.564,16.000,6.000,13.000,0.293,-0.518,0.151,3.180,3.924,2.041,NoTouching
56.005,105.627,50.230,0.334,0.290,0.596,0.333,0.287,0.596,12.000,6.000,12.000,0.203,-0.269,0.235,2.791,4.423,2.230,NoTouching
49.523,90.361,94.624,0.356,0.243,0.411,0.356,0.242,0.405,14.000,4.000,7.000,0.108,0.376,-0.516,2.887,4.599,2.776,NoTouching
42.163,111.362,87.870,0.413,0.220,0.494,0.409,0.219,0.493,21.000,0.000,12.000,0.429,0.514,-0.152,2.571,3.062,2.078,NoTouching
38.225,101.222,93.797,0.444,0.220,0.483,0.444,0.220,0.482,19.000,6.000,14.000,0.154,-0.384,-0.077,2.527,4.002,2.192,NoTouching
36.324,97.959,96.559,0.464,0.274,0.519,0.463,0.273,0.514,14.000,6.000,8.000,0.266,0.196,-0.457,2.949,3.357,2.904,NoTouching
44.647,107.871,17.757,0.391,0.367,0.667,0.390,0.365,0.661,27.000,8.000,10.000,0.441,-0.925,0.196,3.043,4.873,1.846,NoTouching
47.075,68.604,-19.480,0.373,0.612,0.622,0.372,0.597,0.588,16.000,11.000,9.000,0.070,-0.374,0.919,2.870,2.461,4.250,NoTouching
53.052,92.864,-11.291,0.341,0.488,0.640,0.338,0.487,0.630,14.000,10.000,9.000,0.294,-0.098,0.505,3.740,2.771,2.145,NoTouching
94.069,83.718,-31.750,0.460,0.364,0.340,0.460,0.363,0.337,4.000,8.000,9.000,0.511,0.849,-1.112,2.649,4.895,4.948,NoTouching
-52.485,31.746,-122.744,0.295,0.241,0.234,0.268,0.232,0.233,2.000,12.000,0.000,-0.785,0.730,0.210,2.239,2.764,1.887,NearMiss
-117.984,-15.142,-74.932,0.173,0.112,0.229,0.153,0.088,0.199,0.000,2.000,0.000,0.907,2.030,-0.731,2.197,5.920,1.774,NearMiss
-28.938,22.199,-121.361,0.437,0.301,0.296,0.409,0.291,0.276,6.000,11.000,2.000,-0.291,0.812,0.892,1.794,3.356,2.918,NearMiss
-89.744,29.744,-75.405,0.306,0.215,0.359,0.282,0.203,0.308,1.000,3.000,2.000,0.863,-0.505,-0.840,2.181,1.925,2.262,NearMiss
-87.775,22.291,-98.813,0.273,0.115,0.329,0.269,0.106,0.329,0.000,6.000,0.000,-0.157,1.140,-0.156,2.377,5.171,1.506,NearMiss
-65.327,61.439,-101.675,0.174,0.337,0.161,0.174,0.330,0.148,0.000,1.000,0.000,-0.123,0.403,-0.378,1.452,1.772,2.055,NearMiss
-93.157,-22.256,-84.152,0.252,0.173,0.323,0.211,0.156,0.271,2.000,2.000,0.000,1.207,1.831,-1.160,3.188,5.618,3.516,NearMiss
-76.418,51.749,-99.748,0.275,0.225,0.248,0.275,0.222,0.247,2.000,0.000,0.000,0.677,0.600,-0.017,3.491,2.250,1.876,NearMiss
-111.539,53.876,-53.217,0.130,0.143,0.234,0.127,0.133,0.201,0.000,1.000,0.000,1.052,-1.111,-1.218,3.234,3.948,2.918,NearMiss
-86.972,-12.666,-89.121,0.319,0.147,0.377,0.313,0.143,0.368,4.000,10.000,0.000,-0.145,0.768,-0.203,3.178,3.172,1.423,NearMiss
-78.048,45.252,-98.782,0.268,0.233,0.254,0.268,0.225,0.252,2.000,4.000,0.000,0.190,0.657,-0.041,1.870,2.262,1.495,NearMiss
-100.172,15.283,-78.860,0.299,0.137,0.336,0.285,0.134,0.285,2.000,5.000,2.000,0.049,-0.591,-0.958,4.423,2.271,2.472,NearMiss
-76.736,45.278,-100.559,0.189,0.368,0.136,0.187,0.362,0.122,0.000,8.000,0.000,0.167,0.295,-1.176,1.584,1.629,3.070,NearMiss
-79.270,16.678,-114.092,0.254,0.061,0.234,0.242,0.061,0.224,2.000,6.000,0.000,0.438,3.076,-0.447,1.531,24.535,2.076,NearMiss
-103.174,56.045,-47.796,0.212,0.141,0.358,0.204,0.140,0.305,0.000,0.000,11.000,0.659,0.207,-0.835,2.063,2.731,1.911,NearMiss
-104.129,-4.301,-75.767,0.208,0.281,0.306,0.185,0.281,0.288,0.000,1.000,0.000,0.843,0.363,-0.429,2.101,1.757,1.496,NearMiss
-115.314,46.515,-58.442,0.176,0.284,0.169,0.170,0.281,0.169,0.000,3.000,0.000,0.451,0.087,-0.055,1.666,1.297,1.383,NearMiss
-98.651,-12.086,-80.915,0.259,0.181,0.332,0.233,0.166,0.280,2.000,7.000,0.000,1.121,1.282,-0.887,2.791,3.776,2.276,NearMiss
-88.389,17.070,-87.801,0.293,0.279,0.341,0.269,0.275,0.333,0.000,1.000,0.000,0.297,0.454,-0.174,1.378,2.130,1.268,NearMiss
-102.341,-2.794,-72.871,0.325,0.127,0.332,0.285,0.117,0.280,4.000,6.000,0.000,1.006,1.407,-0.745,2.297,4.378,1.777,NearMiss
-103.732,79.196,-29.135,0.252,0.277,0.186,0.224,0.266,0.171,0.000,0.000,2.000,0.610,0.359,-0.364,1.817,1.477,2.088,NearMiss
-76.906,73.545,-62.268,0.204,0.230,0.468,0.199,0.213,0.453,0.000,0.000,4.000,-0.331,0.914,0.203,1.960,2.751,1.347,NearMiss
-91.490,74.602,-57.736,0.226,0.188,0.398,0.222,0.176,0.366,0.000,0.000,9.000,0.137,0.716,-0.379,1.490,2.126,1.363,NearMiss
-81.483,28.269,-98.581,0.241,0.264,0.293,0.241,0.260,0.272,0.000,1.000,0.000,-0.270,0.577,0.368,1.486,2.903,1.284,NearMiss
-93.817,45.621,-77.090,0.243,0.103,0.392,0.240,0.100,0.389,0.000,0.000,5.000,-0.713,0.520,0.203,4.351,3.095,1.355,NearMiss
-74.702,42.377,-104.067,0.161,0.362,0.098,0.160,0.362,0.098,0.000,1.000,0.000,0.245,-0.242,-0.838,1.492,1.794,3.349,NearMiss
-87.363,46.612,-84.772,0.273,0.262,0.235,0.273,0.235,0.234,2.000,4.000,0.000,0.048,1.068,-0.173,1.526,2.853,1.857,NearMiss
-90.539,27.223,-87.798,0.227,0.226,0.235,0.224,0.224,0.214,0.000,7.000,0.000,0.447,-0.247,-0.735,2.240,2.017,1.979,NearMiss
-102.432,13.869,-93.226,0.236,0.107,0.273,0.236,0.104,0.261,2.000,13.000,0.000,-2.522,0.905,-0.524,17.854,3.555,1.864,NearMiss
-77.848,28.597,-104.294,0.244,0.278,0.238,0.238,0.276,0.232,0.000,9.000,0.000,0.159,0.556,-0.113,1.608,2.620,1.645,NearMiss
-101.114,-13.684,-89.067,0.243,0.134,0.250,0.209,0.134,0.210,0.000,8.000,0.000,1.138,1.377,-1.040,2.631,5.772,2.659,NearMiss
-101.754,44.071,-60.206,0.286,0.192,0.304,0.245,0.189,0.268,0.000,1.000,0.000,0.879,0.342,-0.920,2.126,3.983,2.183,NearMiss
-88.936,34.335,-79.558,0.290,0.283,0.322,0.288,0.246,0.318,2.000,5.000,0.000,0.450,1.068,-0.291,2.098,2.791,1.581,NearMiss
-96.869,5.026,-81.598,0.276,0.100,0.393,0.249,0.099,0.349,0.000,3.000,0.000,0.847,-0.111,-0.557,2.085,3.000,1.610,NearMiss
-50.245,33.652,-120.113,0.279,0.245,0.283,0.266,0.243,0.277,4.000,5.000,2.000,-0.384,-0.497,0.454,1.926,3.040,2.422,NearMiss
-85.409,27.044,-91.199,0.308,0.234,0.310,0.303,0.206,0.302,4.000,9.000,0.000,0.482,1.276,-0.241,1.812,3.258,1.511,NearMiss
-71.320,28.255,-93.745,0.287,0.308,0.310,0.285,0.298,0.304,2.000,6.000,0.000,0.299,0.907,0.117,1.868,2.943,1.453,NearMiss
-86.695,33.814,-87.144,0.301,0.217,0.319,0.291,0.180,0.314,6.000,11.000,0.000,0.442,1.433,-0.248,1.837,3.806,1.365,NearMiss
-80.610,34.214,-94.508,0.268,0.325,0.226,0.266,0.317,0.223,0.000,4.000,0.000,-0.027,0.523,-0.084,1.481,1.861,1.636,NearMiss
-67.528,28.809,-109.725,0.211,0.319,0.192,0.210,0.318,0.189,0.000,3.000,0.000,-0.214,0.184,0.178,1.587,2.126,1.638,NearMiss
-83.405,29.944,-89.965,0.319,0.174,0.335,0.301,0.174,0.310,2.000,7.000,2.000,0.387,1.097,-0.373,1.428,3.820,1.393,Touching
-98.979,37.023,-56.032,0.308,0.192,0.400,0.292,0.190,0.364,0.000,1.000,8.000,0.687,0.300,-0.609,1.865,3.470,1.608,Touching
-95.801,40.657,-68.535,0.287,0.201,0.355,0.230,0.201,0.310,0.000,3.000,0.000,0.931,0.827,-0.588,2.000,3.807,1.580,Touching
-76.315,47.551,-81.170,0.319,0.252,0.358,0.298,0.242,0.341,0.000,3.000,0.000,0.271,0.152,-0.269,1.357,2.404,1.252,Touching
-87.479,48.177,-80.722,0.316,0.194,0.296,0.277,0.187,0.272,6.000,3.000,0.000,0.723,0.110,-0.620,1.780,2.971,1.653,Touching
-88.496,-4.679,-95.171,0.321,0.156,0.287,0.275,0.141,0.258,4.000,4.000,0.000,0.760,1.450,-0.464,1.832,5.000,1.548,Touching
-91.120,48.119,-66.051,0.327,0.204,0.379,0.298,0.197,0.331,2.000,7.000,6.000,0.479,0.551,-0.653,1.839,4.170,1.710,Touching
-95.814,43.501,-67.413,0.352,0.318,0.235,0.302,0.307,0.212,4.000,9.000,2.000,0.678,0.563,-0.717,1.716,2.141,2.026,Touching
-89.646,-19.213,-84.776,0.311,0.227,0.357,0.303,0.216,0.344,1.000,10.000,2.000,0.457,1.133,-0.300,1.667,4.087,1.590,Touching
-87.323,44.312,-82.691,0.283,0.171,0.287,0.252,0.170,0.270,5.000,3.000,0.000,0.852,0.666,-0.548,2.139,4.017,1.768,Touching
-95.289,48.389,-56.115,0.355,0.164,0.398,0.323,0.163,0.351,2.000,2.000,7.000,0.562,0.678,-0.661,1.819,3.383,1.679,Touching
-75.357,72.913,-62.930,0.279,0.255,0.386,0.263,0.246,0.355,4.000,3.000,10.000,0.570,-0.458,-0.462,1.758,2.111,1.567,Touching
-69.107,63.043,-82.747,0.313,0.223,0.354,0.311,0.220,0.341,11.000,6.000,0.000,0.194,-0.194,-0.190,1.451,1.930,1.271,Touching
-94.299,5.756,-87.579,0.314,0.153,0.283,0.274,0.144,0.241,5.000,16.000,0.000,0.876,1.335,-0.766,2.167,6.012,1.822,Touching
-73.429,-12.053,-106.895,0.316,0.219,0.280,0.270,0.219,0.262,12.000,11.000,0.000,0.587,0.778,-0.400,1.519,3.133,1.473,Touching
-76.336,-15.649,-102.719,0.290,0.278,0.268,0.267,0.270,0.240,3.000,1.000,0.000,0.623,1.040,-0.515,1.811,3.423,1.659,Touching
-66.898,69.749,-74.186,0.275,0.260,0.385,0.263,0.240,0.364,7.000,3.000,1.000,0.385,-0.719,-0.278,1.594,2.032,1.353,Touching
-74.548,95.249,-60.170,0.288,0.184,0.199,0.263,0.184,0.191,3.000,0.000,0.000,0.483,0.304,-0.412,1.664,2.930,1.627,Touching
-78.210,61.623,-68.714,0.354,0.145,0.406,0.339,0.142,0.394,5.000,0.000,7.000,0.242,1.075,-0.182,1.410,3.535,1.273,Touching
-79.659,64.665,-75.765,0.303,0.150,0.327,0.275,0.144,0.298,4.000,0.000,0.000,0.521,0.558,-0.468,1.658,2.198,1.472,Touching
-86.908,58.281,-62.699,0.351,0.113,0.388,0.330,0.109,0.365,5.000,0.000,7.000,0.469,1.347,-0.404,1.602,4.513,1.423,Touching
-81.975,73.021,-60.098,0.282,0.150,0.374,0.246,0.149,0.352,7.000,0.000,5.000,0.810,-0.329,-0.533,2.007,2.083,1.603,Touching
-95.632,48.736,-64.945,0.328,0.110,0.367,0.301,0.096,0.329,5.000,0.000,6.000,0.718,1.808,-0.573,1.872,5.395,1.588,Touching
-80.004,62.954,-68.049,0.320,0.168,0.390,0.307,0.159,0.362,4.000,0.000,2.000,0.439,0.756,-0.366,1.570,2.416,1.349,Touching
-79.488,58.507,-69.732,0.324,0.333,0.247,0.306,0.330,0.246,4.000,6.000,6.000,0.492,-0.257,0.036,1.721,2.123,1.781,Touching
-75.726,45.185,-92.833,0.374,0.115,0.287,0.353,0.111,0.286,6.000,3.000,0.000,0.260,0.247,-0.106,1.222,3.548,1.288,Touching
-84.052,67.453,-54.633,0.264,0.242,0.375,0.248,0.235,0.340,2.000,3.000,6.000,0.683,-0.380,-0.625,1.971,2.288,1.670,Touching
-89.099,53.135,-76.076,0.305,0.180,0.297,0.285,0.173,0.251,2.000,0.000,0.000,0.673,1.197,-0.699,1.877,4.094,1.756,Touching
-77.258,80.133,-59.896,0.254,0.205,0.349,0.246,0.203,0.325,2.000,0.000,3.000,0.639,-0.212,-0.597,1.992,2.074,1.756,Touching
-84.230,29.609,-80.486,0.342,0.396,0.242,0.315,0.380,0.230,8.000,6.000,0.000,0.558,0.234,-0.368,1.617,1.507,1.472,Touching
-79.950,20.969,-83.500,0.311,0.468,0.181,0.270,0.447,0.172,4.000,1.000,0.000,0.685,0.332,-0.653,1.672,1.313,2.327,Touching
-73.150,30.661,-93.807,0.357,0.296,0.272,0.348,0.293,0.268,6.000,6.000,0.000,0.151,-0.130,-0.302,1.445,1.537,1.765,Touching
-80.409,55.861,-74.986,0.375,0.150,0.328,0.345,0.143,0.307,6.000,0.000,0.000,0.408,0.796,-0.406,1.429,2.612,1.436,Touching
-74.733,61.839,-69.660,0.354,0.160,0.419,0.330,0.156,0.403,5.000,0.000,4.000,0.367,0.721,-0.222,1.362,2.572,1.220,Touching
-79.029,-0.933,-96.430,0.344,0.209,0.337,0.319,0.206,0.318,5.000,1.000,0.000,0.442,-0.056,-0.238,1.454,1.546,1.300,Touching
-81.632,64.561,-77.546,0.304,0.295,0.116,0.281,0.294,0.115,2.000,4.000,0.000,0.492,0.093,-0.236,1.671,1.569,2.092,Touching
-76.786,75.302,-69.092,0.281,0.163,0.291,0.261,0.161,0.275,4.000,0.000,0.000,0.558,0.806,-0.389,1.892,3.050,1.519,Touching
-80.103,82.602,-58.882,0.333,0.197,0.255,0.307,0.197,0.239,8.000,0.000,0.000,0.535,0.043,-0.423,1.558,1.670,1.530,Touching
-77.119,25.702,-103.905,0.258,0.176,0.231,0.246,0.175,0.231,6.000,6.000,0.000,0.502,0.142,0.050,1.973,1.930,1.645,Touching
-76.149,10.774,-94.643,0.312,0.366,0.247,0.256,0.365,0.225,6.000,1.000,0.000,0.733,-0.077,-0.553,1.671,1.400,1.754,Touching
-74.159,49.189,-85.350,0.332,0.229,0.290,0.294,0.224,0.282,6.000,8.000,0.000,0.443,0.010,-0.345,1.553,1.761,1.622,Touching
-76.905,25.239,-84.098,0.293,0.350,0.277,0.253,0.350,0.269,8.000,2.000,0.000,0.707,0.495,-0.368,1.837,2.201,1.633,Touching
-81.285,61.462,-76.662,0.328,0.132,0.343,0.315,0.132,0.314,4.000,0.000,0.000,0.411,0.306,-0.522,1.576,3.273,1.607,Touching
-70.054,41.024,-99.633,0.341,0.106,0.351,0.340,0.104,0.348,0.000,2.000,0.000,-0.013,0.616,-0.134,1.293,3.425,1.417,Touching
-88.323,60.696,-56.837,0.334,0.158,0.411,0.307,0.149,0.367,7.000,0.000,12.000,0.628,1.203,-0.540,1.682,3.688,1.493,Touching
-84.839,65.050,-40.812,0.330,0.126,0.471,0.296,0.126,0.441,4.000,0.000,1.000,0.560,0.719,-0.492,1.621,3.788,1.511,Touching
-66.735,40.124,-101.860,0.345,0.135,0.292,0.330,0.122,0.289,6.000,2.000,0.000,0.149,1.498,-0.011,1.203,4.545,1.196,Touching
-84.779,88.094,-40.115,0.330,0.168,0.298,0.304,0.161,0.266,7.000,0.000,8.000,0.604,0.038,-0.672,1.649,1.832,1.702,Touching
-68.013,94.973,-59.275,0.347,0.185,0.283,0.344,0.168,0.281,2.000,0.000,5.000,-0.226,-0.188,0.148,1.311,2.066,1.226,Touching
-62.230,63.587,-82.528,0.284,0.477,0.076,0.272,0.467,0.073,2.000,1.000,0.000,0.226,-0.166,-0.027,1.228,1.221,2.523,Touching
-64.036,104.236,-51.097,0.312,0.189,0.207,0.296,0.185,0.205,3.000,0.000,2.000,0.173,-0.179,-0.159,1.348,1.736,1.361,Touching
-75.256,72.099,-71.659,0.336,0.285,0.173,0.314,0.285,0.167,4.000,2.000,0.000,0.326,-0.031,-0.426,1.405,1.455,1.806,Touching
-52.164,33.097,-97.082,0.338,0.474,0.243,0.331,0.407,0.222,4.000,1.000,0.000,-0.236,-0.627,0.172,1.285,1.574,1.958,Touching
-55.024,85.912,-83.697,0.367,0.183,0.188,0.348,0.159,0.170,3.000,0.000,0.000,-0.341,-0.786,0.496,1.309,1.888,1.887,Touching
-70.740,51.245,-96.160,0.348,0.298,0.175,0.325,0.298,0.169,7.000,4.000,0.000,0.183,-0.094,-0.207,1.410,1.633,1.883,Touching
-68.193,81.550,-69.397,0.381,0.123,0.336,0.375,0.122,0.336,5.000,0.000,5.000,-0.026,0.463,0.062,1.306,2.789,1.275,Touching
-56.181,63.828,-104.773,0.338,0.169,0.186,0.331,0.167,0.186,5.000,0.000,0.000,-0.011,-0.169,0.066,1.384,1.902,1.570,Touching
-67.362,52.524,-110.582,0.264,0.149,0.150,0.256,0.145,0.139,1.000,0.000,0.000,0.619,0.569,-0.624,1.751,2.332,2.717,Touching
-52.018,90.306,-79.860,0.331,0.066,0.331,0.330,0.062,0.318,4.000,0.000,0.000,-0.122,1.096,0.252,1.305,4.284,1.317,Touching
-87.457,68.264,-52.198,0.361,0.146,0.383,0.346,0.143,0.347,7.000,0.000,6.000,0.316,0.307,-0.500,1.666,2.773,1.561,Touching
-60.395,7.809,-109.926,0.314,0.363,0.217,0.313,0.359,0.208,7.000,1.000,0.000,0.061,0.057,-0.685,1.363,1.362,2.562,Touching
-65.709,49.581,-98.056,0.362,0.204,0.219,0.355,0.202,0.204,1.000,6.000,0.000,0.154,-0.298,-0.366,1.282,1.851,1.508,Touching
-74.652,62.608,-84.648,0.329,0.116,0.303,0.302,0.115,0.279,3.000,2.000,4.000,0.427,0.108,-0.271,1.678,4.592,1.873,Touching
-16.915,65.570,-126.980,0.194,0.087,0.162,0.139,0.076,0.121,2.000,0.000,0.000,-1.352,0.595,1.585,3.112,3.991,4.216,Touching
-74.648,86.594,-54.893,0.314,0.122,0.376,0.279,0.120,0.347,7.000,0.000,4.000,0.483,0.159,-0.399,1.718,2.422,1.525,Touching
-94.543,77.926,-44.967,0.286,0.148,0.275,0.269,0.140,0.233,6.000,0.000,5.000,0.981,1.219,-1.139,2.490,3.693,2.706,Touching
-80.400,60.489,-77.349,0.356,0.122,0.301,0.315,0.110,0.266,4.000,0.000,0.000,0.570,1.235,-0.581,1.557,3.592,1.601,Touching
-81.713,15.246,-100.455,0.363,0.096,0.299,0.341,0.094,0.287,5.000,4.000,0.000,0.379,-0.632,-0.238,1.418,4.085,1.245,Touching
-81.369,77.879,-54.928,0.275,0.327,0.165,0.253,0.327,0.159,2.000,2.000,0.000,0.482,0.188,-0.496,1.958,1.607,1.892,Touching
-81.750,37.410,-73.559,0.367,0.423,0.233,0.351,0.413,0.225,6.000,5.000,0.000,0.322,0.183,-0.412,1.413,1.326,1.804,Touching
-88.698,67.258,-54.662,0.376,0.193,0.307,0.340,0.186,0.273,8.000,0.000,4.000,0.519,0.739,-0.594,1.557,2.751,1.631,Touching
-41.627,86.656,-95.924,0.056,0.233,0.247,0.056,0.233,0.232,0.000,0.000,1.000,-0.079,-0.074,1.750,2.498,1.981,5.299,NoTouching
-54.158,128.821,-33.713,0.066,0.112,0.235,0.064,0.112,0.226,0.000,0.000,2.000,-0.549,0.536,0.834,3.200,4.365,2.592,NoTouching
-46.512,120.025,0.668,0.055,0.166,0.426,0.055,0.161,0.424,0.000,0.000,3.000,0.421,-0.425,0.093,2.204,2.269,2.011,NoTouching
-34.714,130.348,56.747,0.078,0.162,0.215,0.077,0.162,0.215,1.000,0.000,3.000,-0.198,0.044,-0.247,2.571,2.641,2.284,NoTouching
-42.196,117.110,72.123,0.066,0.145,0.255,0.066,0.145,0.255,0.000,0.000,0.000,0.401,0.267,0.071,2.361,2.087,1.694,NoTouching
-33.825,70.450,-95.442,0.106,0.285,0.381,0.099,0.272,0.340,1.000,2.000,2.000,-0.650,0.427,0.854,2.261,1.781,2.278,NoTouching
-38.454,105.368,-90.977,0.063,0.188,0.214,0.062,0.187,0.209,0.000,0.000,2.000,0.728,0.314,0.605,2.861,2.523,2.933,NoTouching
-31.632,80.826,-113.778,0.047,0.179,0.134,0.044,0.170,0.133,2.000,0.000,0.000,1.375,1.178,1.040,4.707,4.440,4.026,NoTouching
-35.395,122.595,71.733,0.062,0.085,0.136,0.060,0.085,0.134,1.000,0.000,0.000,1.389,0.221,-0.463,4.923,2.153,2.234,NoTouching
-44.541,130.669,53.998,0.047,0.075,0.163,0.043,0.075,0.157,0.000,0.000,0.000,0.869,-0.398,-0.062,2.510,2.977,2.201,NoTouching
218.211,197.105,8.795,0.465,1.134,0.601,0.463,1.088,0.567,0.000,4.000,12.000,0.552,-0.103,-1.897,3.035,4.863,8.235,NoTouching
216.754,220.626,170.210,0.399,1.352,0.647,0.387,1.317,0.634,2.000,3.000,6.000,-0.775,-0.770,0.578,3.190,3.634,2.540,NoTouching
231.503,250.002,170.783,0.417,1.146,0.534,0.412,1.146,0.534,0.000,2.000,5.000,0.336,-0.484,-0.091,3.368,4.517,2.163,NoTouching
213.516,263.444,118.228,0.382,1.226,0.485,0.374,1.226,0.485,2.000,2.000,12.000,-0.340,-0.013,0.386,4.062,5.403,2.992,NoTouching
237.855,231.253,154.380,0.364,1.219,0.603,0.361,1.219,0.600,2.000,3.000,6.000,-0.470,-0.407,0.243,4.167,4.797,2.306,NoTouching
205.405,131.218,183.584,0.385,1.413,0.619,0.382,1.318,0.612,0.000,3.000,4.000,-0.139,-0.654,0.232,2.627,3.817,2.504,NoTouching
180.245,130.774,158.230,0.439,1.594,0.589,0.439,1.469,0.586,2.000,4.000,6.000,0.023,-0.601,0.374,3.153,3.077,2.389,NoTouching
172.965,134.883,136.855,0.438,1.502,0.579,0.438,1.375,0.576,0.000,4.000,5.000,0.298,-0.467,0.104,2.647,3.023,2.306,NoTouching
209.647,181.312,179.398,0.572,1.443,0.611,0.571,1.359,0.607,0.000,3.000,6.000,0.293,-0.701,0.144,2.292,3.302,2.466,NoTouching
-38.684,13.351,-146.297,0.018,0.071,0.016,0.018,0.070,0.016,0.000,10.000,0.000,0.476,-0.307,0.276,13.455,2.954,29.027,NoTouching
-26.132,27.376,-147.437,0.067,0.074,0.058,0.066,0.072,0.057,4.000,6.000,0.000,1.778,-1.033,-0.397,13.058,4.266,3.945,NoTouching
-28.446,23.718,-147.598,0.043,0.056,0.032,0.041,0.056,0.032,4.000,4.000,0.000,3.027,-0.107,0.136,18.827,3.066,5.893,NoTouching
-30.804,29.085,-146.208,0.018,0.033,0.020,0.017,0.032,0.020,0.000,0.000,0.000,2.340,-0.836,-1.093,12.472,3.958,13.793,NoTouching
-27.877,26.364,-147.197,0.034,0.050,0.027,0.031,0.046,0.026,0.000,6.000,0.000,1.085,-1.534,-0.279,4.031,4.758,5.438,NoTouching
-30.207,28.253,-146.415,0.026,0.037,0.023,0.026,0.037,0.023,0.000,2.000,0.000,0.712,-0.881,-1.006,3.904,4.494,8.143,NoTouching
-26.268,32.709,-145.252,0.026,0.038,0.030,0.025,0.038,0.030,0.000,2.000,0.000,1.080,-1.353,0.059,4.294,7.299,5.357,NoTouching
-26.233,28.729,-147.290,0.015,0.025,0.020,0.015,0.025,0.020,0.000,0.000,0.000,2.841,0.524,-0.845,16.026,6.254,17.204,NoTouching
-21.298,22.652,-148.883,0.037,0.060,0.040,0.036,0.058,0.040,4.000,6.000,0.000,0.869,-1.768,-0.119,3.922,7.688,3.333,NoTouching
-28.926,30.330,-146.359,0.020,0.027,0.018,0.019,0.026,0.018,0.000,0.000,0.000,-0.596,0.161,-0.401,4.039,2.299,4.114,NoTouching
-62.808,129.826,-26.949,0.074,0.137,0.159,0.067,0.136,0.156,0.000,0.000,1.000,-1.853,-0.309,1.365,6.840,3.508,4.965,NoTouching
-58.556,131.651,28.528,0.148,0.111,0.084,0.148,0.107,0.084,0.000,0.000,2.000,0.010,0.679,0.226,1.280,2.798,2.356,NoTouching
-36.689,135.515,-15.302,0.089,0.072,0.304,0.081,0.072,0.272,2.000,0.000,1.000,1.697,0.361,0.602,5.399,4.991,2.572,NoTouching
-63.442,107.906,-84.109,0.107,0.236,0.146,0.103,0.233,0.146,0.000,0.000,0.000,0.770,0.622,-0.100,2.526,3.349,2.443,NoTouching
-43.644,126.862,60.489,0.111,0.161,0.205,0.110,0.159,0.204,2.000,0.000,2.000,0.727,-0.613,-0.398,3.161,3.421,3.175,NoTouching
-52.823,111.852,83.971,0.046,0.127,0.114,0.046,0.125,0.114,0.000,0.000,0.000,0.910,-0.790,0.136,4.034,2.693,2.018,NoTouching
-47.964,117.647,78.414,0.078,0.185,0.089,0.078,0.181,0.086,0.000,0.000,0.000,0.271,-0.733,0.920,2.238,2.374,3.593,NoTouching
-27.675,87.347,-118.582,0.081,0.114,0.130,0.079,0.114,0.129,2.000,0.000,0.000,0.028,-0.289,0.283,2.732,2.513,2.351,NoTouching
-52.985,124.304,-24.369,0.093,0.212,0.317,0.093,0.201,0.299,0.000,0.000,5.000,0.103,-0.456,-0.688,2.765,3.317,2.861,NoTouching
61.720,111.815,71.459,0.346,0.160,0.550,0.345,0.160,0.538,19.000,2.000,9.000,0.342,-0.496,-0.689,3.172,4.341,2.662,NoTouching
67.772,107.339,83.442,0.372,0.182,0.593,0.371,0.181,0.593,14.000,2.000,12.000,0.379,-0.085,-0.433,2.656,4.537,2.227,NoTouching
61.324,105.926,72.556,0.391,0.296,0.682,0.391,0.294,0.682,14.000,4.000,14.000,0.400,0.888,-0.130,2.928,4.721,1.814,NoTouching
57.621,106.507,53.270,0.374,0.383,0.724,0.369,0.382,0.718,10.000,10.000,11.000,-0.091,0.146,0.426,2.644,2.590,2.248,NoTouching
61.190,86.918,104.002,0.449,0.216,0.690,0.449,0.216,0.664,22.000,6.000,12.000,0.374,0.474,-0.471,2.812,4.512,1.923,NoTouching
60.368,112.263,29.919,0.299,0.391,0.612,0.299,0.391,0.612,18.000,8.000,14.000,0.341,0.229,0.154,4.059,4.291,2.136,NoTouching
61.575,58.287,35.199,0.455,0.423,0.726,0.454,0.417,0.726,10.000,7.000,7.000,0.861,0.032,0.072,4.854,2.604,1.961,NoTouching
59.227,64.406,-17.886,0.358,0.537,0.625,0.357,0.537,0.623,9.000,16.000,11.000,0.110,0.151,0.549,2.447,2.917,2.515,NoTouching
64.417,93.120,99.803,0.397,0.138,0.444,0.397,0.138,0.442,13.000,0.000,13.000,0.071,0.051,0.022,2.250,2.535,2.254,NoTouching
63.001,97.671,-41.715,0.272,0.637,0.504,0.272,0.634,0.499,8.000,10.000,10.000,-0.049,0.669,0.689,2.710,3.218,2.856,NoTouching
-60.684,-2.168,-97.454,0.405,0.230,0.358,0.396,0.228,0.329,4.000,1.000,0.000,-0.221,0.432,0.474,1.210,1.949,1.444,NearMiss
-25.684,42.267,-127.044,0.315,0.156,0.270,0.306,0.154,0.251,3.000,6.000,0.000,-0.235,0.194,0.608,2.215,2.250,2.263,NearMiss
-67.514,12.825,-70.601,0.495,0.248,0.421,0.476,0.240,0.367,1.000,1.000,2.000,0.608,1.139,-0.612,1.774,3.191,1.678,NearMiss
-70.476,40.348,-40.543,0.482,0.189,0.532,0.451,0.168,0.485,1.000,2.000,1.000,0.520,0.988,-0.491,1.635,2.697,1.473,NearMiss
-61.549,28.398,-83.084,0.483,0.274,0.340,0.461,0.273,0.322,3.000,1.000,0.000,0.419,0.636,-0.418,1.522,2.292,1.600,NearMiss
1.723,47.567,-115.441,0.313,0.287,0.262,0.273,0.256,0.198,1.000,1.000,0.000,-0.898,0.371,1.323,2.135,2.552,3.084,NearMiss
-72.893,-0.404,-75.115,0.450,0.302,0.391,0.421,0.278,0.332,1.000,1.000,0.000,0.736,1.078,-0.994,1.947,3.090,2.547,NearMiss
-37.661,30.100,-125.920,0.349,0.157,0.286,0.345,0.156,0.285,7.000,12.000,0.000,0.056,-0.236,0.021,1.731,2.211,1.654,NearMiss
-57.472,25.506,-98.745,0.461,0.258,0.247,0.434,0.258,0.225,1.000,5.000,0.000,0.506,0.336,-0.476,1.542,2.008,1.500,NearMiss
-81.396,65.998,-59.485,0.344,0.110,0.376,0.299,0.106,0.315,1.000,0.000,2.000,0.860,0.745,-0.749,2.003,2.821,1.717,NearMiss
-70.018,52.414,-68.862,0.385,0.235,0.297,0.375,0.192,0.242,1.000,0.000,0.000,0.610,1.991,-1.091,2.060,5.800,2.640,NearMiss
-64.795,64.298,-53.349,0.425,0.191,0.446,0.396,0.181,0.400,1.000,0.000,11.000,0.449,1.326,-0.458,1.452,4.134,1.345,NearMiss
-78.375,-2.524,-76.677,0.440,0.195,0.389,0.405,0.169,0.329,1.000,5.000,0.000,0.828,1.833,-1.060,2.062,5.494,2.750,NearMiss
-50.211,17.319,-103.432,0.485,0.202,0.295,0.473,0.199,0.284,1.000,1.000,0.000,0.257,0.319,-0.330,1.328,2.200,1.496,NearMiss
-69.940,14.684,-77.523,0.475,0.245,0.387,0.456,0.193,0.330,1.000,6.000,0.000,0.543,1.589,-0.679,1.649,4.185,1.764,NearMiss
-66.238,59.965,-70.452,0.418,0.211,0.378,0.402,0.195,0.336,1.000,0.000,0.000,0.329,1.353,-0.449,1.386,3.961,1.309,NearMiss
-88.128,4.963,-69.248,0.394,0.256,0.344,0.358,0.219,0.289,1.000,4.000,2.000,1.037,1.824,-1.141,2.586,5.510,2.853,NearMiss
-59.210,48.770,-82.877,0.484,0.320,0.240,0.472,0.318,0.234,1.000,7.000,0.000,0.295,0.376,-0.245,1.392,2.178,1.621,NearMiss
-94.079,19.994,-59.056,0.343,0.396,0.258,0.311,0.335,0.225,1.000,1.000,0.000,1.068,1.044,-1.074,2.690,2.591,2.654,NearMiss
-54.655,77.030,-56.403,0.359,0.373,0.313,0.359,0.305,0.276,2.000,0.000,2.000,0.383,1.299,-0.558,2.097,3.334,2.473,NearMiss
-58.876,52.551,-70.922,0.481,0.396,0.225,0.451,0.395,0.225,1.000,1.000,0.000,0.318,0.339,-0.012,1.365,2.049,1.411,NearMiss
-49.313,40.504,-99.316,0.466,0.193,0.296,0.455,0.172,0.294,1.000,8.000,0.000,0.280,1.411,-0.154,1.413,4.903,1.899,NearMiss
-59.052,43.548,-93.850,0.461,0.095,0.327,0.417,0.095,0.287,1.000,0.000,0.000,0.794,0.087,-0.860,2.107,2.413,2.481,NearMiss
-9.120,-26.303,-69.841,0.363,0.164,0.171,0.280,0.162,0.161,1.000,2.000,0.000,7.204,-1.406,0.723,62.916,4.706,2.315,NearMiss
-42.189,52.186,-96.589,0.471,0.222,0.258,0.468,0.186,0.248,1.000,2.000,0.000,0.144,1.491,-0.193,1.373,3.978,1.289,NearMiss
-68.952,24.435,-39.128,0.479,0.250,0.501,0.447,0.249,0.424,1.000,4.000,5.000,0.757,0.832,-0.820,2.144,2.630,1.986,NearMiss
-65.950,51.815,-82.330,0.442,0.141,0.299,0.416,0.138,0.293,1.000,0.000,0.000,0.647,1.143,-0.538,1.844,3.695,1.963,NearMiss
-77.378,66.222,-67.407,0.343,0.126,0.392,0.309,0.124,0.345,1.000,0.000,4.000,0.581,0.861,-0.510,1.641,3.529,1.430,NearMiss
-64.540,32.509,-99.504,0.399,0.315,0.203,0.386,0.314,0.189,1.000,1.000,0.000,0.480,0.179,-0.381,1.653,1.455,1.494,NearMiss
-62.815,-7.950,-85.285,0.455,0.264,0.406,0.438,0.254,0.369,1.000,7.000,2.000,0.557,1.153,-0.674,1.719,3.486,2.195,NearMiss
-75.285,17.439,-90.524,0.392,0.302,0.252,0.360,0.289,0.221,1.000,1.000,0.000,0.759,0.447,-0.618,1.930,1.560,1.637,NearMiss
-67.131,69.270,-69.446,0.311,0.162,0.303,0.307,0.152,0.247,1.000,0.000,0.000,0.688,1.154,-1.077,2.273,4.576,2.480,NearMiss
-80.030,64.399,-54.464,0.333,0.102,0.410,0.293,0.102,0.343,1.000,0.000,10.000,0.825,0.217,-0.749,2.018,2.718,1.758,NearMiss
-74.167,10.016,-72.513,0.451,0.295,0.362,0.428,0.271,0.314,1.000,1.000,0.000,0.688,1.388,-0.655,1.854,3.709,1.665,NearMiss
-43.872,60.121,-101.921,0.398,0.181,0.299,0.391,0.180,0.299,1.000,0.000,0.000,0.264,0.057,0.139,1.571,1.408,1.902,NearMiss
-86.488,61.230,-56.624,0.337,0.142,0.383,0.308,0.122,0.311,0.000,0.000,3.000,0.751,1.439,-0.776,1.889,3.862,1.744,NearMiss
-67.637,24.550,-93.360,0.405,0.336,0.245,0.387,0.334,0.232,1.000,1.000,0.000,0.514,0.144,-0.387,1.603,1.407,1.510,NearMiss
-69.470,36.805,-76.925,0.409,0.144,0.383,0.381,0.140,0.323,0.000,2.000,0.000,0.654,1.035,-0.850,1.937,3.783,2.166,NearMiss
-70.972,22.330,-89.665,0.414,0.314,0.275,0.393,0.302,0.250,1.000,1.000,0.000,0.562,0.425,-0.540,1.663,1.542,1.667,NearMiss
-57.343,41.671,-96.591,0.476,0.211,0.254,0.468,0.209,0.242,1.000,3.000,0.000,0.284,0.396,-0.348,1.367,1.820,1.575,NearMiss
-69.113,38.540,-77.129,0.455,0.230,0.362,0.427,0.200,0.324,1.000,13.000,0.000,0.477,1.429,-0.502,1.559,3.796,1.481,Touching
-52.073,68.645,-80.082,0.417,0.225,0.385,0.409,0.205,0.368,1.000,2.000,4.000,0.268,1.627,-0.303,1.376,4.953,1.462,Touching
-71.432,12.498,-76.422,0.456,0.313,0.393,0.436,0.290,0.332,1.000,1.000,0.000,0.492,1.142,-0.799,1.650,3.445,2.108,Touching
-69.711,51.187,-76.791,0.416,0.300,0.272,0.390,0.272,0.240,1.000,8.000,0.000,0.525,1.587,-0.622,1.704,4.681,1.724,Touching
-53.795,79.116,-74.695,0.321,0.244,0.323,0.321,0.236,0.294,1.000,0.000,0.000,0.407,0.841,-0.656,2.052,2.855,1.959,Touching
-57.982,81.696,-58.001,0.310,0.245,0.364,0.303,0.237,0.324,1.000,6.000,12.000,0.471,0.184,-0.777,2.223,2.456,1.972,Touching
-56.245,49.270,-10.916,0.315,0.077,0.082,0.300,0.075,0.081,1.000,0.000,5.000,9.032,1.594,-0.303,87.195,7.701,2.238,Touching
-67.765,71.463,-47.975,0.378,0.215,0.373,0.375,0.198,0.332,1.000,0.000,4.000,0.536,1.520,-0.747,1.832,4.612,1.862,Touching
-83.051,72.148,-55.778,0.354,0.241,0.263,0.318,0.215,0.235,1.000,0.000,6.000,0.943,1.223,-0.885,2.384,3.369,2.345,Touching
-69.503,36.663,-88.468,0.401,0.294,0.289,0.400,0.292,0.262,1.000,9.000,0.000,0.389,0.940,-0.553,1.601,3.436,1.652,Touching
-59.496,85.177,-62.296,0.281,0.218,0.338,0.256,0.215,0.312,1.000,0.000,4.000,0.635,0.925,-0.591,2.525,3.416,1.763,Touching
-74.464,77.176,-52.950,0.382,0.201,0.334,0.381,0.182,0.300,1.000,0.000,8.000,0.510,1.494,-0.722,1.950,4.519,2.031,Touching
-68.908,4.869,-87.583,0.324,0.322,0.366,0.314,0.322,0.345,1.000,2.000,2.000,0.992,0.590,-0.495,2.712,2.376,1.974,Touching
-68.172,28.126,-85.463,0.375,0.299,0.270,0.344,0.281,0.257,1.000,8.000,0.000,0.694,1.405,-0.541,2.326,4.149,1.949,Touching
-75.874,18.297,-78.701,0.404,0.323,0.334,0.393,0.300,0.302,1.000,5.000,0.000,0.646,1.033,-0.681,2.070,3.040,2.109,Touching
-68.497,59.079,-70.600,0.415,0.229,0.358,0.384,0.222,0.335,1.000,5.000,6.000,0.500,0.838,-0.433,1.689,3.356,1.523,Touching
-75.386,31.585,-85.400,0.414,0.284,0.290,0.404,0.258,0.258,1.000,12.000,0.000,0.615,1.252,-0.563,1.869,3.949,1.734,Touching
-49.711,70.855,-90.916,0.309,0.234,0.232,0.305,0.217,0.205,1.000,0.000,0.000,0.413,1.188,-0.746,2.026,3.764,1.990,Touching
-77.835,38.866,-72.082,0.408,0.386,0.233,0.394,0.347,0.211,1.000,3.000,0.000,0.661,1.016,-0.654,1.880,2.855,1.921,Touching
-81.265,31.844,-72.104,0.423,0.274,0.345,0.408,0.268,0.314,1.000,6.000,2.000,0.558,0.672,-0.505,2.005,2.436,1.734,Touching
-79.622,71.733,-48.768,0.380,0.187,0.340,0.357,0.173,0.277,1.000,0.000,3.000,0.850,1.334,-0.904,2.182,3.653,2.055,Touching
-38.902,59.413,-97.608,0.413,0.264,0.247,0.413,0.260,0.247,1.000,4.000,0.000,-0.206,0.688,0.091,1.390,2.613,1.257,Touching
-83.276,65.665,-48.971,0.390,0.215,0.331,0.386,0.185,0.275,1.000,0.000,6.000,0.533,1.450,-0.978,2.364,3.881,2.238,Touching
-56.881,74.124,-66.833,0.416,0.181,0.407,0.393,0.181,0.385,1.000,0.000,6.000,0.439,0.786,-0.303,1.598,3.387,1.359,Touching
-61.421,46.919,-78.492,0.395,0.257,0.289,0.362,0.226,0.257,1.000,4.000,0.000,0.562,1.392,-0.568,1.927,3.917,1.586,Touching
-57.936,36.658,-96.234,0.434,0.257,0.280,0.422,0.229,0.260,1.000,8.000,0.000,0.273,1.275,-0.314,1.374,3.453,1.311,Touching
-72.492,73.137,-55.562,0.319,0.205,0.319,0.297,0.198,0.252,1.000,0.000,0.000,0.871,0.942,-1.020,2.453,3.316,2.263,Touching
-51.890,87.712,-59.888,0.322,0.176,0.389,0.299,0.176,0.341,1.000,0.000,7.000,0.451,0.194,-0.580,2.127,2.145,1.533,Touching
-74.898,76.581,-44.835,0.389,0.200,0.346,0.378,0.179,0.290,1.000,0.000,11.000,0.693,1.462,-0.867,1.925,4.036,1.962,Touching
-37.773,88.417,-84.980,0.312,0.184,0.337,0.297,0.181,0.335,2.000,0.000,0.000,0.383,0.351,-0.409,2.002,2.722,2.221,Touching
-54.897,-5.822,-77.505,0.317,0.407,0.378,0.262,0.397,0.344,1.000,2.000,4.000,1.110,0.353,-0.646,2.597,2.221,2.050,Touching
-52.803,25.000,-27.416,0.176,0.439,0.156,0.173,0.393,0.152,1.000,8.000,0.000,1.354,1.158,-3.455,5.934,3.397,19.522,Touching
-60.753,58.869,-79.405,0.413,0.267,0.357,0.391,0.257,0.326,1.000,1.000,2.000,0.338,1.054,-0.412,1.673,3.446,1.635,Touching
-60.532,46.125,-74.526,0.391,0.262,0.386,0.346,0.246,0.375,1.000,4.000,6.000,0.635,0.551,-0.384,2.153,3.509,2.074,Touching
-67.118,66.226,-60.371,0.412,0.206,0.342,0.383,0.199,0.296,1.000,0.000,4.000,0.640,1.075,-0.715,1.882,3.260,1.735,Touching
-77.785,61.003,-70.283,0.387,0.253,0.279,0.374,0.251,0.255,1.000,6.000,4.000,0.672,0.665,-0.685,2.302,2.845,2.063,Touching
-72.590,27.630,-75.716,0.392,0.418,0.291,0.368,0.397,0.280,1.000,4.000,2.000,0.696,0.864,-0.508,2.046,2.680,2.067,Touching
-59.086,61.189,-70.573,0.355,0.345,0.282,0.327,0.323,0.260,1.000,6.000,0.000,0.587,0.795,-0.606,2.281,2.675,1.846,Touching
-65.092,66.786,-65.793,0.342,0.237,0.357,0.323,0.216,0.324,1.000,0.000,4.000,0.453,1.028,-0.603,2.292,2.864,1.843,Touching
-69.766,74.538,-23.036,0.357,0.269,0.348,0.345,0.235,0.303,1.000,0.000,14.000,0.666,1.549,-0.737,2.102,4.643,2.495,Touching
-72.121,70.369,-62.170,0.385,0.252,0.260,0.368,0.231,0.247,1.000,2.000,8.000,0.783,1.079,-0.535,2.037,3.545,2.069,Touching
-59.094,72.920,-55.905,0.326,0.278,0.391,0.308,0.277,0.336,1.000,1.000,6.000,0.489,-0.003,-0.662,1.946,2.545,1.684,Touching
-57.425,-12.864,-94.999,0.262,0.472,0.278,0.231,0.447,0.253,1.000,1.000,0.000,0.976,0.630,-0.465,2.497,2.186,2.366,Touching
-63.065,65.276,-76.406,0.308,0.227,0.337,0.301,0.223,0.305,0.000,0.000,0.000,0.278,1.142,-0.614,2.070,3.702,1.745,Touching
-68.623,27.581,-78.533,0.305,0.401,0.347,0.294,0.398,0.331,1.000,2.000,0.000,0.597,0.507,-0.375,2.116,2.078,1.557,Touching
-67.653,76.870,-64.347,0.301,0.190,0.289,0.279,0.182,0.268,3.000,0.000,2.000,0.644,1.233,-0.699,2.057,3.567,1.949,Touching
-45.659,-37.988,18.584,0.451,0.326,0.426,0.446,0.302,0.426,3.000,1.000,1.000,5.856,0.418,0.040,48.757,1.840,1.538,Touching
-76.949,41.031,-75.549,0.380,0.194,0.326,0.361,0.168,0.273,1.000,4.000,0.000,0.739,1.499,-0.810,2.011,4.156,1.872,Touching
-62.972,84.889,-48.412,0.342,0.264,0.359,0.333,0.253,0.319,1.000,0.000,5.000,0.400,0.625,-0.751,1.784,2.393,1.903,Touching
-39.964,13.863,-106.242,0.399,0.298,0.326,0.399,0.295,0.303,3.000,3.000,0.000,-0.118,0.170,0.398,1.334,2.054,1.378,Touching
-50.794,71.940,-77.840,0.337,0.292,0.319,0.322,0.273,0.300,2.000,2.000,2.000,0.328,0.829,-0.352,1.658,2.588,1.493,Touching
-68.523,100.122,-44.911,0.367,0.203,0.264,0.353,0.202,0.250,1.000,0.000,4.000,0.256,0.655,-0.308,1.548,2.671,1.641,Touching
-59.961,58.357,-91.471,0.338,0.216,0.262,0.325,0.197,0.239,1.000,2.000,0.000,0.460,0.967,-0.433,1.645,2.842,1.516,Touching
-63.012,82.007,-63.495,0.359,0.201,0.350,0.355,0.181,0.325,1.000,0.000,6.000,0.076,1.275,-0.435,1.802,3.335,1.448,Touching
-48.695,-14.875,-108.141,0.292,0.431,0.274,0.275,0.429,0.269,1.000,1.000,2.000,0.171,0.469,-0.210,1.940,2.039,2.015,Touching
-71.136,78.654,-55.994,0.330,0.195,0.342,0.297,0.183,0.311,1.000,0.000,7.000,0.751,0.876,-0.751,2.073,3.288,1.901,Touching
-43.214,17.234,-102.176,0.380,0.336,0.342,0.378,0.330,0.318,1.000,3.000,2.000,-0.015,0.374,0.442,1.300,2.381,1.573,Touching
-77.601,54.745,-57.107,0.403,0.235,0.388,0.392,0.220,0.342,1.000,2.000,10.000,0.541,1.679,-0.687,1.802,5.012,1.704,Touching
-54.919,-6.442,-75.563,0.292,0.418,0.434,0.261,0.418,0.403,1.000,2.000,6.000,0.856,0.260,-0.612,2.322,1.856,1.998,Touching
-58.142,87.604,-55.167,0.301,0.323,0.296,0.286,0.318,0.294,2.000,6.000,2.000,0.394,0.460,-0.055,1.786,2.504,2.868,Touching
-55.592,77.083,-97.281,0.312,0.216,0.291,0.278,0.203,0.291,3.000,2.000,0.000,0.758,0.314,-1.920,2.633,5.410,12.624,Touching
-79.727,30.442,-76.315,0.328,0.424,0.292,0.325,0.397,0.260,1.000,1.000,0.000,0.462,0.509,-0.519,1.699,2.023,1.812,Touching
-61.696,-14.203,-88.673,0.272,0.510,0.322,0.251,0.487,0.293,1.000,1.000,0.000,0.528,0.520,-0.591,2.053,1.819,1.946,Touching
-70.500,78.163,-64.088,0.347,0.200,0.354,0.338,0.192,0.319,1.000,0.000,7.000,0.449,1.498,-0.518,1.796,4.823,1.737,Touching
-59.176,69.434,-77.467,0.321,0.237,0.364,0.304,0.227,0.332,1.000,0.000,2.000,0.359,0.568,-0.334,1.784,2.087,1.451,Touching
-64.825,67.099,-79.858,0.354,0.272,0.274,0.349,0.256,0.253,1.000,4.000,0.000,0.275,0.684,-0.477,1.533,2.712,1.615,Touching
-73.040,66.399,-58.541,0.334,0.271,0.313,0.290,0.245,0.271,1.000,0.000,2.000,0.851,1.160,-0.725,2.125,3.166,1.995,Touching
-63.962,76.341,-65.179,0.343,0.225,0.317,0.324,0.201,0.298,1.000,0.000,4.000,0.428,1.501,-0.522,1.712,4.350,1.653,Touching
-69.472,42.798,-85.808,0.374,0.323,0.241,0.364,0.316,0.219,1.000,7.000,0.000,0.337,1.052,-0.533,1.516,3.102,1.674,Touching
-82.149,50.038,-71.480,0.355,0.262,0.277,0.348,0.225,0.240,1.000,4.000,0.000,0.722,1.600,-0.801,2.163,4.445,1.956,Touching
-73.713,3.761,-96.709,0.366,0.248,0.301,0.365,0.224,0.278,1.000,7.000,2.000,0.575,1.356,-0.588,1.901,4.048,2.405,Touching
-13.407,143.551,-6.014,0.114,0.220,0.282,0.114,0.216,0.278,14.000,0.000,9.000,-0.040,-0.830,-0.232,2.887,3.430,2.475,NoTouching
-22.413,93.586,111.503,0.076,0.166,0.203,0.075,0.166,0.196,5.000,0.000,0.000,0.415,-0.224,-0.300,2.588,2.352,2.110,NoTouching
-22.913,77.013,126.346,0.044,0.207,0.129,0.044,0.204,0.128,0.000,0.000,0.000,0.348,0.533,-0.723,2.691,2.199,2.547,NoTouching
-31.416,108.007,-46.892,0.078,0.269,0.493,0.078,0.259,0.492,2.000,0.000,3.000,0.693,0.353,0.369,3.960,1.750,2.058,NoTouching
-28.589,111.339,15.595,0.052,0.161,0.581,0.052,0.160,0.556,2.000,0.000,2.000,0.536,-0.132,-0.310,4.092,1.953,1.586,NoTouching
-30.274,121.255,-3.504,0.077,0.126,0.497,0.072,0.126,0.497,2.000,0.000,2.000,1.007,-0.392,-0.057,3.319,2.738,1.495,NoTouching
-35.232,103.738,92.695,0.046,0.173,0.225,0.046,0.171,0.215,0.000,0.000,2.000,0.590,-0.377,-0.850,2.624,2.415,2.723,NoTouching
-24.585,119.716,-67.666,0.041,0.135,0.272,0.041,0.132,0.260,2.000,0.000,1.000,0.475,0.241,0.714,5.344,2.628,2.233,NoTouching
-26.357,76.909,124.156,0.040,0.161,0.125,0.039,0.161,0.121,0.000,0.000,0.000,-0.311,0.231,-0.749,2.047,2.126,2.637,NoTouching
-20.302,81.422,125.357,0.015,0.103,0.065,0.015,0.103,0.064,0.000,0.000,0.000,0.882,-0.317,0.069,3.745,2.759,2.534,NoTouching
253.988,165.567,26.290,0.621,1.172,0.787,0.621,1.168,0.777,0.000,2.000,10.000,-0.061,-0.418,-0.046,2.396,3.970,1.898,NoTouching
143.710,96.794,-89.326,0.466,0.606,0.663,0.459,0.600,0.644,0.000,5.000,6.000,0.620,0.623,-0.810,2.871,3.316,2.604,NoTouching
155.168,119.327,-11.199,0.274,1.413,0.978,0.273,1.247,0.978,2.000,4.000,7.000,-0.745,-0.787,-1.189,3.979,2.621,4.818,NoTouching
190.359,162.325,81.733,0.411,1.514,0.454,0.411,1.476,0.449,0.000,4.000,8.000,0.062,-0.153,0.645,1.999,2.959,3.142,NoTouching
228.410,238.991,161.137,0.624,1.116,0.573,0.622,1.113,0.566,2.000,2.000,6.000,-0.143,-0.948,1.062,3.519,4.431,4.325,NoTouching
309.106,156.774,166.989,0.699,1.211,0.579,0.697,1.184,0.561,0.000,2.000,2.000,0.254,-1.348,0.631,3.040,4.787,2.371,NoTouching
307.217,169.091,184.189,0.607,1.265,0.517,0.604,1.262,0.514,2.000,2.000,2.000,-0.713,-0.792,0.139,3.452,4.599,2.830,NoTouching
268.318,196.080,170.970,0.491,1.174,0.554,0.491,1.171,0.544,0.000,2.000,5.000,-0.256,-0.755,0.574,2.974,4.757,2.986,NoTouching
275.147,211.991,101.354,0.645,1.259,0.517,0.645,1.255,0.515,0.000,2.000,8.000,0.255,-0.671,-0.875,2.502,3.726,5.140,NoTouching
113.427,47.084,-92.440,0.018,0.031,0.027,0.017,0.029,0.026,0.000,0.000,0.000,-0.557,1.035,1.821,4.085,4.894,7.711,NoTouching
109.302,48.461,-94.178,0.028,0.033,0.043,0.028,0.033,0.043,0.000,0.000,0.000,-0.258,-0.408,-0.416,3.092,3.781,4.444,NoTouching
101.053,50.023,-105.691,0.039,0.040,0.051,0.039,0.039,0.051,0.000,0.000,0.000,-0.047,0.215,-0.048,2.819,2.368,2.020,NoTouching
104.915,46.466,-101.638,0.019,0.030,0.033,0.018,0.029,0.032,0.000,0.000,0.000,0.986,-2.188,0.658,9.973,10.798,5.378,NoTouching
107.039,46.137,-100.005,0.019,0.025,0.035,0.018,0.025,0.035,0.000,0.000,0.000,0.700,-1.197,-0.022,3.990,5.776,2.937,NoTouching
100.417,49.913,-105.534,0.029,0.030,0.053,0.029,0.030,0.053,0.000,0.000,0.000,0.094,-0.543,0.239,5.071,2.912,4.796,NoTouching
98.318,47.255,-106.770,0.019,0.015,0.030,0.019,0.015,0.030,0.000,0.000,0.000,0.464,0.136,-0.340,3.441,3.650,4.099,NoTouching
97.406,46.227,-108.723,0.020,0.025,0.030,0.020,0.025,0.030,0.000,0.000,0.000,0.892,-0.015,0.161,7.349,4.541,3.452,NoTouching
99.684,46.655,-107.282,0.027,0.021,0.042,0.027,0.021,0.042,0.000,0.000,0.000,1.357,-0.275,0.899,6.324,5.312,5.728,NoTouching
99.873,47.143,-107.796,0.008,0.008,0.011,0.008,0.008,0.011,0.000,0.000,0.000,0.275,0.432,-0.320,4.817,5.015,3.241,NoTouching
-38.128,79.617,-118.730,0.148,0.129,0.100,0.140,0.124,0.100,2.000,2.000,0.000,-0.510,-1.328,0.489,3.326,4.383,3.160,NoTouching
-25.389,101.407,-109.416,0.062,0.059,0.077,0.059,0.058,0.076,1.000,0.000,0.000,2.681,-0.105,-0.387,13.424,3.443,2.229,NoTouching
-21.450,111.462,45.997,0.187,0.324,0.593,0.180,0.318,0.557,3.000,2.000,3.000,0.751,-0.509,-0.943,2.404,3.018,2.918,NoTouching
4.019,109.560,-99.580,0.172,0.073,0.070,0.164,0.072,0.068,3.000,0.000,0.000,0.109,-0.180,0.846,1.729,4.527,3.215,NoTouching
-41.307,120.020,-69.165,0.179,0.148,0.099,0.179,0.140,0.098,0.000,0.000,0.000,-0.314,-0.644,-0.145,1.509,3.078,4.034,NoTouching
-25.861,118.165,-84.975,0.126,0.113,0.071,0.122,0.112,0.067,2.000,0.000,0.000,-0.401,-0.445,1.538,1.631,3.353,4.715,NoTouching
-41.663,118.494,-31.683,0.177,0.147,0.344,0.169,0.143,0.326,0.000,0.000,3.000,-0.365,-1.110,0.516,1.464,4.964,1.726,NoTouching
-21.674,113.564,-85.513,0.124,0.177,0.289,0.114,0.174,0.268,4.000,0.000,1.000,-0.624,0.954,0.860,2.512,4.118,2.472,NoTouching
-28.191,123.789,-77.837,0.058,0.124,0.104,0.057,0.124,0.104,0.000,0.000,0.000,-0.354,0.059,-0.006,2.544,3.929,2.280,NoTouching
-11.071,134.333,-57.434,0.064,0.095,0.129,0.064,0.095,0.114,4.000,0.000,1.000,1.698,-0.683,1.495,9.396,5.516,5.630,NoTouching
68.792,105.605,65.249,0.424,0.317,0.714,0.423,0.316,0.706,16.000,6.000,10.000,0.332,-0.821,-0.256,2.519,4.923,1.779,NoTouching
72.988,114.508,50.279,0.385,0.340,0.631,0.385,0.337,0.626,11.000,6.000,12.000,0.117,0.334,0.190,2.637,4.020,1.981,NoTouching
85.418,19.693,-55.972,0.341,0.492,0.561,0.340,0.487,0.515,10.000,21.000,5.000,0.358,0.190,1.348,4.029,2.093,4.020,NoTouching
55.483,108.831,85.626,0.379,0.229,0.642,0.373,0.227,0.642,15.000,0.000,15.000,0.606,0.596,-0.073,2.920,3.113,2.040,NoTouching
49.634,88.237,110.315,0.405,0.163,0.565,0.404,0.163,0.555,22.000,2.000,13.000,0.954,-0.061,-0.309,4.001,3.042,2.042,NoTouching
58.048,105.570,45.061,0.338,0.322,0.654,0.338,0.322,0.634,17.000,2.000,11.000,0.555,-0.958,0.217,3.591,5.307,1.686,NoTouching
61.421,84.324,110.735,0.389,0.208,0.607,0.388,0.208,0.600,13.000,4.000,17.000,0.232,0.017,-0.294,2.083,2.864,1.953,NoTouching
60.353,123.562,67.671,0.243,0.180,0.354,0.240,0.174,0.353,8.000,0.000,6.000,0.652,-0.552,-0.021,4.170,3.531,4.377,NoTouching
54.662,76.233,111.771,0.461,0.205,0.681,0.459,0.204,0.676,18.000,6.000,12.000,0.501,-0.371,-0.270,2.612,2.876,1.843,NoTouching
55.575,112.395,27.000,0.384,0.418,0.650,0.379,0.416,0.649,10.000,6.000,13.000,0.537,0.107,0.183,3.022,3.723,2.152,NoTouching
-58.289,45.224,-108.274,0.357,0.177,0.246,0.333,0.152,0.239,1.000,4.000,0.000,0.405,1.169,-0.211,1.521,3.629,2.487,NearMiss
2.430,66.833,-99.224,0.450,0.383,0.153,0.413,0.368,0.148,1.000,1.000,0.000,-0.403,0.305,-0.344,1.578,1.882,1.909,NearMiss
16.844,61.978,-112.190,0.279,0.300,0.198,0.241,0.288,0.186,1.000,0.000,0.000,-0.699,0.654,1.312,2.647,1.987,3.750,NearMiss
-82.308,61.924,-79.950,0.299,0.212,0.330,0.275,0.210,0.325,3.000,4.000,2.000,1.036,0.668,-0.600,2.784,3.559,3.709,NearMiss
-57.426,29.383,-69.024,0.492,0.435,0.281,0.452,0.435,0.242,1.000,1.000,0.000,0.650,0.373,-0.781,1.784,1.679,2.036,NearMiss
-52.551,52.105,-30.446,0.513,0.233,0.565,0.499,0.226,0.532,1.000,2.000,1.000,0.316,0.690,-0.317,1.471,2.563,1.341,NearMiss
-85.410,43.921,-86.610,0.297,0.249,0.219,0.282,0.233,0.187,1.000,10.000,0.000,0.831,0.858,-0.785,2.119,2.646,1.905,NearMiss
-53.154,57.608,-98.161,0.366,0.230,0.329,0.358,0.222,0.321,1.000,4.000,0.000,0.077,0.298,-0.342,1.675,2.245,1.502,NearMiss
-35.434,37.468,-67.086,0.597,0.428,0.237,0.552,0.412,0.221,1.000,1.000,0.000,0.521,0.023,-0.642,1.533,1.584,2.003,NearMiss
-80.559,70.565,-38.852,0.375,0.105,0.404,0.320,0.104,0.322,1.000,0.000,8.000,1.042,0.750,-0.951,2.396,3.559,2.094,NearMiss
-75.182,46.071,-48.824,0.464,0.161,0.467,0.440,0.156,0.397,1.000,2.000,1.000,0.605,0.857,-0.725,1.676,3.146,1.762,NearMiss
-80.788,80.500,-58.704,0.338,0.165,0.300,0.308,0.156,0.283,3.000,0.000,6.000,0.973,1.079,-1.006,2.733,3.886,3.715,NearMiss
-72.795,15.302,-77.358,0.359,0.470,0.311,0.358,0.440,0.280,1.000,1.000,0.000,0.653,0.559,-0.649,1.886,1.782,2.046,NearMiss
-25.713,16.469,-115.172,0.348,0.426,0.203,0.329,0.414,0.197,1.000,1.000,0.000,0.312,-0.264,0.549,1.430,1.360,2.692,NearMiss
-46.870,37.156,-63.559,0.551,0.419,0.269,0.506,0.416,0.235,1.000,1.000,0.000,0.571,0.490,-0.685,1.653,2.067,1.862,NearMiss
-58.826,27.537,-96.408,0.415,0.330,0.274,0.387,0.325,0.252,1.000,1.000,0.000,0.485,-0.081,-0.494,1.470,1.664,1.589,NearMiss
-78.379,14.199,-82.075,0.427,0.289,0.312,0.395,0.265,0.290,1.000,1.000,0.000,0.849,0.860,-0.852,2.155,2.498,2.450,NearMiss
-82.251,73.184,-48.429,0.324,0.239,0.261,0.324,0.218,0.235,1.000,0.000,2.000,0.660,1.586,-1.021,2.405,4.661,2.885,NearMiss
-71.517,13.904,-101.149,0.367,0.246,0.230,0.336,0.226,0.200,1.000,1.000,0.000,0.921,0.977,-0.600,2.251,2.742,1.728,NearMiss
-84.502,63.210,-31.596,0.387,0.223,0.360,0.378,0.187,0.296,1.000,0.000,10.000,0.855,1.329,-1.020,2.312,3.435,2.395,NearMiss
-59.442,66.406,-58.998,0.474,0.154,0.395,0.437,0.154,0.335,1.000,0.000,6.000,0.713,0.614,-0.667,1.819,3.218,1.633,NearMiss
-59.532,64.105,-92.976,0.390,0.196,0.229,0.371,0.188,0.214,1.000,1.000,2.000,0.457,0.762,-0.501,1.683,2.635,2.669,NearMiss
-82.603,23.017,-87.852,0.334,0.294,0.313,0.324,0.292,0.288,1.000,4.000,0.000,0.720,0.342,-0.711,1.985,1.811,2.101,NearMiss
-85.797,9.666,-74.018,0.345,0.395,0.342,0.306,0.388,0.320,1.000,4.000,2.000,1.078,0.427,-0.973,2.912,2.101,2.805,NearMiss
-82.689,14.899,-64.391,0.382,0.393,0.259,0.321,0.373,0.207,1.000,1.000,0.000,1.315,0.626,-1.101,3.147,2.023,2.461,NearMiss
-45.653,77.046,-23.848,0.567,0.130,0.416,0.492,0.129,0.349,1.000,0.000,2.000,0.784,1.348,-0.809,1.855,5.329,1.899,NearMiss
-81.320,3.488,-80.050,0.375,0.271,0.352,0.356,0.270,0.335,1.000,3.000,2.000,0.975,0.330,-0.884,2.778,2.359,2.554,NearMiss
-73.430,19.435,-76.012,0.447,0.289,0.347,0.423,0.270,0.302,1.000,1.000,0.000,0.652,0.814,-0.655,1.768,2.404,1.735,NearMiss
-78.458,19.548,-83.371,0.409,0.226,0.320,0.397,0.192,0.271,1.000,1.000,0.000,0.707,1.429,-0.680,1.884,3.723,1.715,NearMiss
-48.660,58.909,10.725,0.356,0.198,0.669,0.331,0.186,0.605,1.000,0.000,1.000,0.672,1.366,-0.585,1.719,3.842,1.537,NearMiss
-41.537,11.905,-117.476,0.442,0.211,0.211,0.431,0.205,0.202,1.000,3.000,0.000,0.282,0.140,-0.450,1.362,1.886,1.906,NearMiss
-73.657,4.843,-103.268,0.368,0.159,0.291,0.352,0.159,0.274,1.000,3.000,0.000,0.499,0.128,-0.410,1.602,1.403,1.527,NearMiss
-87.976,5.494,-74.413,0.392,0.196,0.379,0.368,0.177,0.324,1.000,1.000,0.000,0.725,1.621,-0.637,1.848,4.569,1.544,NearMiss
-69.245,9.252,-107.874,0.339,0.257,0.231,0.331,0.257,0.220,1.000,1.000,0.000,0.471,0.342,-0.196,1.590,1.856,1.331,NearMiss
-62.627,4.822,-118.014,0.356,0.180,0.218,0.339,0.180,0.216,1.000,1.000,0.000,0.214,-0.008,0.039,1.291,1.513,1.565,NearMiss
-78.190,7.301,-104.638,0.268,0.272,0.201,0.235,0.272,0.170,1.000,3.000,0.000,0.972,0.096,-0.778,2.295,1.762,1.962,NearMiss
-86.695,7.091,-77.635,0.392,0.196,0.358,0.362,0.177,0.316,1.000,5.000,0.000,0.726,1.295,-0.580,1.861,3.793,1.533,NearMiss
-66.419,78.906,-27.903,0.423,0.148,0.412,0.381,0.148,0.352,1.000,0.000,3.000,0.920,0.517,-0.857,2.227,2.732,2.089,NearMiss
-79.465,6.471,-90.367,0.324,0.368,0.237,0.286,0.361,0.197,1.000,1.000,0.000,0.979,0.259,-0.812,2.361,1.457,1.855,NearMiss
1.959,64.286,-104.000,0.410,0.409,0.166,0.383,0.405,0.164,1.000,3.000,0.000,-0.300,0.192,-0.470,1.588,1.760,2.601,NearMiss
-29.988,74.817,-72.702,0.588,0.185,0.182,0.562,0.162,0.175,0.000,2.000,0.000,0.447,1.083,-0.533,1.507,3.679,2.279,Touching
-12.786,61.429,-61.722,0.578,0.330,0.221,0.565,0.330,0.218,1.000,8.000,0.000,0.078,0.850,-0.438,1.490,2.746,2.192,Touching
-17.380,92.772,-35.108,0.475,0.206,0.336,0.472,0.176,0.296,2.000,0.000,12.000,0.136,1.843,-0.781,1.774,5.396,2.108,Touching
-14.613,86.198,-45.093,0.482,0.252,0.290,0.448,0.222,0.284,1.000,0.000,3.000,0.455,1.190,-0.260,1.882,3.291,2.092,Touching
-29.602,87.661,-57.921,0.405,0.211,0.300,0.400,0.193,0.255,2.000,0.000,0.000,0.168,1.233,-0.777,1.698,3.417,1.860,Touching
-20.777,81.597,-36.344,0.566,0.237,0.336,0.547,0.209,0.303,1.000,0.000,9.000,0.284,1.323,-0.493,1.538,3.629,1.693,Touching
-8.987,76.815,-33.774,0.512,0.362,0.286,0.503,0.328,0.284,1.000,2.000,6.000,0.178,0.976,0.211,1.699,2.675,2.310,Touching
9.819,82.922,-48.204,0.514,0.471,0.302,0.506,0.460,0.299,2.000,6.000,4.000,0.165,0.520,-0.027,1.657,2.440,2.063,Touching
-46.711,78.140,-56.960,0.549,0.200,0.209,0.512,0.193,0.188,1.000,0.000,0.000,0.746,1.325,-0.942,2.012,4.378,2.585,Touching
-42.834,73.264,-43.952,0.593,0.282,0.231,0.580,0.247,0.220,1.000,0.000,2.000,0.548,1.083,-0.648,1.868,2.847,2.738,Touching
10.314,50.085,-63.601,0.600,0.411,0.197,0.590,0.407,0.194,2.000,6.000,2.000,0.126,0.664,-0.979,1.514,2.709,3.435,Touching
-8.645,103.509,-8.490,0.605,0.281,0.339,0.599,0.236,0.337,1.000,0.000,15.000,-0.101,1.323,1.101,1.858,3.383,5.164,Touching
14.280,71.756,-62.693,0.559,0.380,0.232,0.558,0.364,0.232,2.000,6.000,2.000,-0.177,0.306,-0.493,1.786,2.419,2.299,Touching
1.646,30.495,-69.059,0.580,0.573,0.154,0.550,0.564,0.152,1.000,5.000,0.000,0.341,0.115,-0.316,1.446,1.836,2.919,Touching
-21.063,95.295,-35.828,0.595,0.195,0.244,0.577,0.177,0.229,0.000,2.000,6.000,0.355,0.860,-0.314,1.524,3.366,1.937,Touching
27.205,94.443,-48.998,0.611,0.307,0.222,0.608,0.286,0.215,2.000,0.000,2.000,0.136,0.838,-0.380,1.884,2.527,2.113,Touching
-11.461,88.684,-20.308,0.532,0.309,0.282,0.521,0.257,0.269,2.000,0.000,12.000,0.228,1.535,-0.436,1.752,4.185,2.384,Touching
-34.631,59.772,-66.845,0.635,0.288,0.187,0.614,0.267,0.182,1.000,8.000,0.000,0.429,1.330,-0.746,1.566,3.764,2.767,Touching
-20.944,80.193,-54.324,0.630,0.276,0.172,0.612,0.225,0.171,1.000,0.000,2.000,0.317,1.312,0.240,1.385,3.171,2.364,Touching
8.695,101.613,-31.470,0.469,0.312,0.331,0.447,0.286,0.326,2.000,0.000,10.000,-0.034,0.998,-0.141,2.114,2.768,2.013,Touching
-23.755,94.199,-29.249,0.620,0.230,0.232,0.603,0.202,0.210,1.000,0.000,4.000,0.381,1.253,-0.572,1.467,3.296,2.092,Touching
-25.682,93.708,-25.020,0.609,0.224,0.293,0.599,0.195,0.254,0.000,0.000,15.000,0.306,1.427,-0.730,1.447,3.856,2.060,Touching
-40.911,38.408,-65.723,0.546,0.357,0.232,0.522,0.331,0.198,1.000,12.000,0.000,0.578,0.986,-1.047,1.835,2.949,2.966,Touching
-29.810,53.856,-80.432,0.604,0.334,0.182,0.599,0.317,0.182,1.000,4.000,2.000,0.339,0.953,-0.157,1.500,2.853,2.923,Touching
-20.832,90.027,-34.169,0.618,0.220,0.347,0.617,0.202,0.310,1.000,2.000,11.000,0.063,1.409,-0.664,1.554,4.678,1.999,Touching
-8.045,43.525,-64.464,0.561,0.466,0.236,0.528,0.458,0.234,1.000,5.000,4.000,0.321,-0.123,0.020,1.502,2.246,1.906,Touching
-27.235,49.325,-70.330,0.628,0.405,0.134,0.611,0.394,0.133,1.000,7.000,0.000,0.343,0.854,0.050,1.470,2.666,2.832,Touching
-22.620,35.594,-70.523,0.635,0.449,0.198,0.621,0.449,0.187,0.000,1.000,0.000,0.286,0.563,-0.799,1.366,2.085,2.647,Touching
-41.419,74.020,-32.497,0.638,0.294,0.261,0.620,0.266,0.234,1.000,2.000,13.000,0.479,1.505,-0.740,1.579,4.408,2.279,Touching
-35.906,90.266,-16.001,0.597,0.265,0.309,0.597,0.256,0.291,3.000,2.000,9.000,0.238,1.108,-0.737,1.666,3.478,2.200,Touching
-31.129,55.039,-69.632,0.615,0.349,0.162,0.579,0.339,0.162,1.000,8.000,0.000,0.451,0.787,0.001,1.575,2.200,2.174,Touching
-33.445,90.757,-40.318,0.595,0.296,0.180,0.575,0.241,0.179,1.000,0.000,4.000,0.382,1.330,-0.209,1.454,3.464,2.401,Touching
-33.770,86.418,-42.998,0.601,0.297,0.238,0.595,0.271,0.221,1.000,0.000,12.000,0.345,1.114,-0.854,1.537,2.993,2.527,Touching
-41.503,63.097,-58.987,0.581,0.341,0.216,0.568,0.317,0.214,1.000,6.000,2.000,0.542,1.048,0.358,1.747,3.093,2.523,Touching
-49.676,69.254,-65.555,0.514,0.256,0.303,0.497,0.242,0.290,1.000,2.000,4.000,0.557,0.543,-0.501,1.720,2.865,2.269,Touching
-14.891,97.429,-31.645,0.481,0.255,0.287,0.471,0.233,0.260,2.000,0.000,10.000,0.221,1.149,-0.772,1.786,2.989,2.200,Touching
13.268,89.071,-53.537,0.608,0.292,0.240,0.606,0.259,0.227,1.000,0.000,4.000,-0.196,1.276,0.861,1.371,3.741,2.692,Touching
-6.831,107.801,-35.431,0.473,0.240,0.322,0.450,0.221,0.299,2.000,0.000,10.000,0.114,1.002,-0.655,1.863,3.040,2.028,Touching
-10.853,39.860,-72.916,0.542,0.390,0.219,0.540,0.384,0.218,2.000,4.000,0.000,0.168,0.894,-0.501,1.608,2.682,2.254,Touching
11.544,79.491,-67.974,0.521,0.409,0.234,0.517,0.390,0.234,2.000,10.000,0.000,0.037,0.460,-0.470,1.615,1.995,2.290,Touching
-33.181,72.707,-49.363,0.626,0.280,0.233,0.582,0.233,0.216,1.000,2.000,3.000,0.536,1.748,-0.879,1.633,5.113,3.247,Touching
-28.651,94.924,-29.642,0.539,0.257,0.354,0.523,0.256,0.318,1.000,0.000,13.000,0.526,1.045,-0.808,1.862,3.622,2.330,Touching
-6.639,83.447,-43.210,0.563,0.333,0.311,0.524,0.302,0.290,2.000,0.000,4.000,0.392,0.892,-0.673,1.728,2.360,2.442,Touching
-18.322,93.745,-62.752,0.482,0.214,0.246,0.458,0.199,0.236,1.000,0.000,4.000,0.305,1.051,-0.175,1.635,2.969,1.942,Touching
-26.146,10.544,-67.224,0.541,0.548,0.234,0.513,0.520,0.232,1.000,1.000,0.000,0.501,0.898,-0.652,1.650,2.690,2.640,Touching
-41.707,71.162,-64.877,0.551,0.244,0.195,0.521,0.200,0.194,1.000,0.000,2.000,0.706,1.515,0.126,1.845,3.898,2.369,Touching
-33.050,74.910,-59.086,0.569,0.233,0.313,0.546,0.206,0.282,1.000,0.000,4.000,0.485,1.254,-0.790,1.584,3.406,2.299,Touching
-36.860,77.181,-53.560,0.580,0.248,0.287,0.576,0.226,0.261,0.000,2.000,6.000,0.288,0.796,-0.769,1.499,2.445,2.162,Touching
-33.738,94.882,-38.601,0.562,0.218,0.318,0.562,0.184,0.275,1.000,0.000,10.000,0.302,1.420,-0.735,1.503,3.826,1.894,Touching
-48.098,92.612,-29.454,0.534,0.212,0.299,0.522,0.200,0.262,1.000,0.000,11.000,0.606,1.203,-0.909,1.844,3.841,2.412,Touching
-47.342,86.951,-35.404,0.507,0.192,0.367,0.497,0.176,0.325,1.000,2.000,11.000,0.596,0.001,-0.776,1.914,4.535,2.038,Touching
-48.126,87.656,-16.806,0.553,0.236,0.363,0.551,0.236,0.332,1.000,0.000,3.000,0.347,0.499,-0.640,1.717,2.599,1.980,Touching
-44.168,10.092,-86.542,0.395,0.534,0.169,0.383,0.523,0.169,1.000,3.000,2.000,0.660,0.269,0.050,2.412,1.596,3.414,Touching
-43.224,35.077,-71.934,0.578,0.451,0.208,0.567,0.425,0.193,1.000,1.000,0.000,0.437,0.814,-0.902,1.564,2.470,2.713,Touching
-18.840,10.019,-79.320,0.517,0.588,0.258,0.496,0.588,0.249,1.000,1.000,0.000,0.399,0.213,-0.761,1.448,1.621,2.438,Touching
-43.316,49.314,-58.390,0.462,0.341,0.313,0.442,0.341,0.312,1.000,10.000,3.000,0.559,0.882,-0.122,2.215,3.011,2.283,Touching
-37.578,91.954,-30.892,0.490,0.207,0.311,0.484,0.188,0.272,1.000,0.000,10.000,0.468,1.263,-0.867,1.971,3.624,2.158,Touching
-45.212,64.010,-56.298,0.569,0.281,0.309,0.542,0.279,0.295,3.000,4.000,10.000,0.440,0.870,-0.527,1.757,3.044,1.932,Touching
-2.668,73.445,-70.427,0.516,0.400,0.237,0.510,0.396,0.237,2.000,10.000,4.000,0.018,0.170,-0.014,1.760,2.016,2.000,Touching
-40.528,69.425,-49.113,0.614,0.238,0.241,0.592,0.194,0.223,1.000,0.000,2.000,0.537,1.676,-0.433,1.648,4.592,2.380,Touching
-2.920,94.326,-37.696,0.513,0.384,0.264,0.509,0.342,0.248,2.000,0.000,8.000,0.071,1.007,-0.364,1.593,2.700,2.268,Touching
-30.309,41.237,-64.237,0.453,0.578,0.314,0.443,0.568,0.308,1.000,5.000,6.000,0.443,0.076,0.279,1.940,2.344,1.692,Touching
-14.982,99.324,-67.217,0.428,0.306,0.263,0.423,0.293,0.255,2.000,0.000,4.000,0.143,0.505,-0.385,1.746,2.066,2.628,Touching
3.832,66.881,-71.124,0.527,0.542,0.247,0.523,0.536,0.243,2.000,6.000,2.000,0.029,0.495,-0.601,1.719,1.992,2.760,Touching
-52.229,89.709,-33.521,0.404,0.208,0.276,0.399,0.200,0.254,2.000,0.000,16.000,0.664,0.846,-1.046,2.531,3.021,2.806,Touching
-33.229,90.133,-40.347,0.435,0.237,0.320,0.426,0.222,0.278,2.000,0.000,4.000,0.378,0.918,-0.867,1.992,2.955,2.388,Touching
-47.480,86.437,-41.492,0.528,0.189,0.329,0.526,0.181,0.305,1.000,0.000,11.000,0.428,1.148,-0.701,1.928,3.728,2.146,Touching
-9.220,89.151,-60.508,0.461,0.255,0.248,0.454,0.241,0.233,2.000,2.000,0.000,0.216,0.413,-0.522,1.613,2.122,1.759,Touching
-48.586,14.367,-76.182,0.552,0.440,0.252,0.526,0.402,0.221,1.000,1.000,0.000,0.659,0.922,-0.861,1.814,2.551,2.694,Touching
-52.502,78.839,-51.845,0.519,0.232,0.230,0.493,0.186,0.219,1.000,0.000,2.000,0.725,1.599,-0.627,1.927,4.286,2.464,Touching
-32.551,63.432,-55.918,0.430,0.473,0.298,0.415,0.463,0.291,2.000,6.000,4.000,0.281,0.373,-0.502,2.084,1.996,2.289,Touching
-53.865,32.307,-67.548,0.519,0.443,0.263,0.502,0.428,0.237,1.000,7.000,0.000,0.655,0.748,-1.017,1.881,2.923,3.086,Touching
