f0,f1,f2,f3,f4,f5,f6,f7,f8,f9,f10,f11,f12,f13,f14,f15,f16,f17,f18,f19,f20,f21,f22,f23,f24,f25,f26,f27,f28,f29,f30,f31,f32,f33,f34,f35,f36,f37,f38,f39,f40,f41,f42,f43,f44,f45,f46,f47,class
-0.056,0.006,-0.957,-0.069,0.023,-1.017,-0.059,-0.040,-1.000,-0.121,-0.154,-1.136,-0.277,0.168,-0.851,-0.135,0.474,-0.741,-0.121,0.455,-0.847,-0.221,0.134,-1.145,-0.130,0.104,-0.795,0.040,0.328,-1.074,-0.721,0.791,-0.826,-0.979,0.641,-0.480,-0.639,0.248,-0.468,-0.590,-0.025,-0.359,-0.806,0.015,-0.426,-0.909,0.017,-0.383,NearMiss
-0.433,-0.143,-0.892,-0.445,-0.131,-0.882,-0.409,-0.151,-0.917,-0.513,0.101,-0.824,-0.876,0.365,-0.688,-0.952,0.077,-0.464,-0.788,-0.224,-0.250,-0.803,-0.176,-0.266,-0.872,-0.162,-0.276,-0.929,-0.167,-0.320,-0.908,-0.169,-0.381,-0.923,-0.153,-0.323,-0.918,-0.172,-0.335,-0.922,-0.182,-0.300,-0.920,-0.189,-0.309,-0.929,-0.190,-0.331,NearMiss
0.024,-0.178,-0.977,0.126,-0.181,-0.960,0.144,-0.304,-0.922,-0.387,-0.330,-1.093,-0.823,0.246,-1.093,-0.400,0.334,-0.645,0.100,0.307,-0.761,0.308,0.211,-0.881,0.176,-0.025,-0.990,0.055,-0.002,-1.063,0.503,0.082,-1.270,0.063,0.920,-0.693,-1.002,0.194,0.040,-0.810,0.286,-0.412,-0.715,0.489,-0.372,-0.849,0.568,-0.149,NearMiss
-0.030,-0.208,-0.962,-0.026,-0.195,-0.967,0.070,-0.176,-1.085,-0.114,0.019,-1.357,-0.635,0.271,-0.840,-0.636,0.022,-0.235,-0.712,0.107,-0.128,-0.835,0.462,-0.326,-0.862,0.505,-0.254,-0.916,0.367,-0.232,-0.919,0.330,-0.286,-0.878,0.345,-0.111,-0.818,0.268,-0.131,-0.928,0.327,-0.249,-0.609,0.452,-0.319,-0.627,0.393,-0.296,NearMiss
-0.186,0.086,-0.964,-0.192,0.092,-0.959,-0.181,0.095,-0.957,-0.189,0.105,-0.939,-0.198,0.251,-0.954,-0.530,0.586,-1.249,-0.758,0.232,-1.001,-0.628,0.051,-0.638,-0.560,-0.091,-0.431,-0.611,0.240,-0.292,-0.781,0.221,-0.229,-0.901,0.027,-0.320,-1.006,0.089,-0.316,-0.928,0.099,-0.302,-0.943,0.144,-0.260,-0.927,0.017,-0.349,NearMiss
-0.246,0.102,-0.945,-0.248,0.114,-0.943,-0.228,0.125,-0.936,-0.423,0.256,-0.938,-0.525,0.434,-0.803,-0.370,0.504,-0.614,-0.175,0.858,-0.519,-0.234,0.911,-0.408,-0.244,1.023,-0.448,-0.440,0.980,-0.558,-0.576,0.644,-0.530,-0.617,0.284,-0.558,-0.680,0.076,-0.593,-0.686,-0.054,-0.615,-0.699,-0.084,-0.629,-0.706,-0.148,-0.650,NearMiss
-0.132,-0.108,-0.972,-0.130,-0.124,-0.967,-0.060,-0.124,-1.008,-0.213,0.319,-1.367,-0.723,0.463,-0.906,-0.703,-0.006,-0.353,-0.657,-0.234,-0.218,-0.746,-0.261,-0.261,-0.827,-0.260,-0.340,-0.867,-0.294,-0.375,-0.810,-0.261,-0.323,-0.915,-0.367,-0.369,-0.847,-0.249,-0.381,-0.774,-0.308,-0.297,-0.762,-0.339,-0.241,-0.755,-0.368,-0.194,NearMiss
-0.178,0.068,-0.967,0.163,0.197,-1.080,-0.350,0.259,-0.956,-0.631,0.309,-0.592,-0.560,0.585,-0.528,-0.316,0.613,-0.725,-0.405,0.437,-0.781,-0.274,0.332,-0.913,-0.192,0.366,-0.919,-0.638,0.781,-0.739,-0.907,0.701,-0.412,-0.790,0.266,-0.277,-0.664,0.050,-0.380,-0.804,0.077,-0.359,-0.904,0.109,-0.285,-0.962,0.137,-0.311,NearMiss
-0.361,-0.129,-0.927,-0.404,-0.047,-0.946,-0.596,0.197,-0.828,-0.794,0.513,-0.424,-0.892,0.453,-0.167,-0.786,0.342,-0.263,-0.835,0.373,-0.223,-0.878,0.406,-0.144,-0.883,0.370,-0.120,-0.925,0.408,-0.081,-0.794,0.401,-0.231,-0.681,0.456,-0.301,-0.754,0.443,-0.189,-0.756,0.420,-0.132,-0.688,0.633,-0.262,-0.633,0.742,-0.417,NearMiss
-0.035,-0.283,-0.939,-0.048,-0.267,-0.945,-0.016,-0.292,-0.909,-0.057,-0.198,-0.992,-0.369,0.034,-1.195,-0.529,0.306,-1.161,-0.556,0.175,-0.827,-0.693,0.021,-0.457,-0.697,0.042,-0.307,-0.763,-0.128,-0.149,-0.839,-0.143,-0.251,-0.860,-0.191,-0.194,-1.113,-0.180,-0.202,-0.958,-0.072,-0.216,-0.967,-0.089,-0.140,-0.977,-0.009,-0.150,NearMiss
-0.197,0.050,-0.966,0.010,0.046,-1.056,-0.130,-0.004,-1.024,-0.516,0.208,-0.741,-0.411,0.469,-0.711,-0.354,0.506,-0.786,-0.243,0.335,-0.909,-0.298,0.573,-0.904,-0.587,0.795,-0.596,-0.767,0.742,-0.328,-0.762,0.377,-0.400,-0.750,0.113,-0.400,-0.802,0.068,-0.399,-0.854,0.098,-0.345,-0.940,0.127,-0.264,-1.018,0.119,-0.246,NearMiss
-0.086,-0.211,-0.967,-0.046,-0.120,-0.998,0.042,-0.100,-1.297,-0.419,-0.075,-1.197,-0.803,0.216,-0.642,-0.665,0.168,-0.322,-0.615,0.137,-0.326,-0.702,0.080,-0.291,-0.845,0.130,-0.375,-1.074,0.074,-0.360,-0.902,0.150,-0.191,-0.950,0.226,-0.202,-0.935,0.209,-0.210,-0.921,0.290,-0.206,-0.912,0.290,-0.245,-0.923,0.330,-0.278,NearMiss
-0.249,-0.014,-0.950,-0.217,-0.013,-1.004,-0.253,0.040,-0.939,-0.605,0.404,-0.691,-0.429,0.611,-0.653,-0.268,0.783,-0.602,-0.285,0.823,-0.570,-0.387,0.961,-0.627,-0.540,0.825,-0.635,-0.631,0.474,-0.577,-0.667,0.169,-0.526,-0.674,0.005,-0.511,-0.696,-0.071,-0.510,-0.744,-0.198,-0.536,-0.794,-0.202,-0.558,-0.790,-0.231,-0.557,NearMiss
-0.147,0.119,-0.967,-0.152,0.108,-0.965,-0.153,0.115,-0.961,-0.162,0.146,-0.962,-0.117,0.189,-1.105,-0.539,0.211,-1.206,-0.570,0.151,-0.863,-0.570,0.146,-0.532,-0.637,0.140,-0.419,-0.724,0.142,-0.518,-0.786,0.073,-0.563,-0.791,0.028,-0.538,-0.780,0.020,-0.543,-0.806,0.043,-0.578,-0.826,0.033,-0.576,-0.831,0.028,-0.560,NearMiss
-0.266,0.073,-0.961,-0.277,0.068,-0.939,-0.224,0.137,-0.981,-0.404,0.479,-0.946,-0.812,0.748,-0.429,-0.830,0.637,-0.044,-0.635,0.469,-0.200,-0.731,0.369,-0.153,-0.946,0.341,0.047,-0.928,0.324,0.025,-0.970,0.309,0.021,-0.913,0.315,-0.039,-0.739,0.440,-0.133,-0.767,0.374,-0.041,-0.731,0.420,-0.015,-0.722,0.506,0.037,NearMiss
-0.270,0.088,-0.955,-0.275,0.092,-0.940,-0.259,0.140,-0.958,-0.409,0.309,-0.998,-0.642,0.413,-0.868,-0.840,0.524,-0.590,-0.795,0.334,-0.463,-0.730,-0.024,-0.271,-0.837,-0.223,-0.263,-0.911,-0.238,-0.280,-0.947,-0.296,-0.190,-0.879,-0.326,-0.105,-0.809,-0.337,-0.131,-0.807,-0.399,-0.217,-0.847,-0.410,-0.282,-0.777,-0.381,-0.322,NearMiss
-0.459,0.641,-0.625,-0.449,0.632,-0.613,-0.469,0.658,-0.612,-0.480,0.697,-0.596,-0.627,0.671,-0.576,-0.730,0.595,-0.522,-0.787,0.398,-0.425,-0.800,0.256,-0.382,-0.832,0.136,-0.281,-0.889,0.064,-0.206,-0.967,0.018,-0.222,-0.999,0.032,-0.273,-0.972,-0.024,-0.197,-0.953,-0.028,-0.159,-0.938,-0.081,-0.125,-0.915,-0.057,-0.143,NearMiss
-0.131,-0.016,-0.968,-0.124,0.016,-0.982,0.038,0.136,-1.147,-0.475,0.381,-1.279,-0.756,0.397,-0.804,-0.705,-0.039,-0.283,-0.629,-0.222,-0.158,-0.749,-0.210,-0.194,-0.860,-0.180,-0.334,-0.944,-0.233,-0.337,-0.888,-0.212,-0.339,-0.885,-0.204,-0.388,-0.892,-0.267,-0.275,-0.897,-0.241,-0.261,-0.881,-0.284,-0.299,-0.856,-0.320,-0.435,NearMiss
-0.202,0.249,-0.934,-0.199,0.252,-0.932,-0.186,0.248,-0.927,-0.178,0.280,-0.927,-0.183,0.328,-0.924,-0.315,0.625,-1.116,-0.698,0.715,-0.873,-0.715,0.319,-0.376,-0.716,-0.020,-0.169,-0.733,-0.210,-0.191,-0.817,-0.235,-0.284,-0.896,-0.223,-0.275,-0.924,-0.182,-0.273,-0.949,-0.212,-0.273,-0.944,-0.189,-0.256,-0.913,-0.186,-0.254,NearMiss
-0.017,-0.227,-0.934,-0.025,-0.195,-0.971,0.054,-0.094,-1.116,-0.249,0.136,-1.074,-0.725,0.467,-0.814,-0.832,0.282,-0.410,-0.736,-0.073,-0.250,-0.773,-0.205,-0.267,-0.923,-0.078,-0.259,-0.972,-0.019,-0.239,-0.961,-0.065,-0.232,-0.966,-0.062,-0.166,-0.985,-0.058,-0.150,-0.961,-0.042,-0.183,-0.968,-0.039,-0.187,-0.978,-0.040,-0.172,NearMiss
-0.307,0.798,-0.505,-0.296,0.786,-0.500,-0.270,0.777,-0.518,-0.182,0.892,-0.540,-0.447,1.010,-0.291,-0.718,0.882,0.039,-0.803,0.606,0.161,-0.791,0.290,-0.019,-0.834,0.251,-0.133,-0.936,0.332,-0.093,-0.923,0.249,-0.104,-0.863,0.245,-0.034,-0.985,0.277,-0.095,-1.005,0.232,-0.180,-0.842,0.238,-0.075,-0.853,0.268,-0.126,NearMiss
-0.286,0.321,-0.894,-0.293,0.308,-0.912,-0.204,0.297,-1.063,-0.228,0.164,-0.891,-0.434,0.221,-0.646,-0.475,0.309,-0.789,-0.310,0.346,-0.824,-0.354,0.658,-0.790,-0.732,1.080,-0.314,-0.846,0.977,0.159,-0.659,0.732,0.275,-0.488,0.688,0.070,-0.579,0.475,0.162,-0.786,0.301,0.213,-0.915,0.431,0.026,-1.007,0.463,-0.102,NearMiss
-0.291,0.286,-0.893,-0.292,0.294,-0.889,-0.278,0.300,-0.890,-0.268,0.299,-0.893,-0.330,0.444,-0.993,-0.679,0.777,-0.747,-0.750,0.878,-0.177,-0.594,0.805,0.035,-0.474,0.786,-0.124,-0.702,0.569,-0.110,-0.849,0.439,-0.014,-0.909,0.368,-0.016,-0.964,0.429,-0.002,-0.785,0.286,-0.012,-0.810,0.408,-0.003,-0.867,0.454,-0.232,NearMiss
-0.280,0.244,-0.909,-0.280,0.247,-0.909,-0.265,0.236,-0.922,-0.225,0.244,-0.957,-0.297,0.213,-0.879,-0.347,0.185,-0.875,-0.274,0.269,-0.906,-0.464,0.678,-0.931,-0.792,0.970,-0.753,-0.800,0.557,-0.454,-0.607,0.036,-0.221,-0.615,-0.228,-0.225,-0.776,-0.241,-0.308,-0.925,-0.232,-0.277,-0.923,-0.273,-0.255,-0.922,-0.265,-0.254,NearMiss
-0.278,0.268,-0.905,-0.272,0.268,-0.905,-0.271,0.261,-0.903,-0.276,0.294,-0.897,-0.286,0.341,-0.923,-0.505,0.457,-1.027,-0.782,0.608,-0.868,-0.673,0.435,-0.602,-0.621,0.357,-0.413,-0.656,0.367,-0.246,-0.709,0.231,-0.108,-0.849,0.125,-0.062,-0.990,0.096,0.029,-1.028,0.146,0.078,-0.997,0.259,0.033,-0.948,0.256,0.054,NearMiss
-0.348,0.192,-0.983,-0.507,0.286,-0.812,-0.429,0.334,-0.696,-0.233,0.576,-0.731,-0.293,0.657,-0.754,-0.283,0.654,-0.710,-0.242,0.805,-0.642,-0.407,0.887,-0.745,-0.546,0.683,-0.718,-0.656,0.341,-0.671,-0.693,0.043,-0.598,-0.678,-0.099,-0.579,-0.685,-0.277,-0.568,-0.670,-0.357,-0.554,-0.669,-0.406,-0.542,-0.649,-0.414,-0.526,NearMiss
-0.201,0.133,-1.015,-0.390,0.153,-0.967,-0.407,0.197,-0.771,-0.209,0.483,-0.755,-0.144,0.629,-0.784,-0.268,0.933,-0.690,-0.391,0.919,-0.688,-0.569,0.548,-0.586,-0.636,0.262,-0.407,-0.763,0.092,-0.368,-0.884,0.049,-0.386,-0.949,0.069,-0.352,-0.953,0.041,-0.305,-0.931,0.075,-0.227,-0.939,0.072,-0.160,-1.026,0.072,-0.168,NearMiss
-0.120,-0.152,-1.011,-0.157,-0.125,-1.014,-0.159,-0.029,-1.040,-0.378,0.209,-0.880,-0.798,0.419,-0.492,-1.032,0.446,-0.372,-0.776,0.141,-0.538,-0.645,0.183,-0.430,-0.748,0.363,-0.390,-0.802,0.418,-0.312,-0.802,0.433,-0.363,-0.815,0.288,-0.458,-0.655,-0.293,-0.452,-0.518,-0.029,-0.371,-0.541,0.334,-0.504,-0.541,0.590,-0.775,NearMiss
-0.183,-0.025,-0.974,-0.228,0.003,-1.083,-0.431,0.015,-1.160,-0.612,0.041,-1.051,-0.534,0.146,-0.776,-0.529,0.083,-0.443,-0.599,0.011,-0.268,-0.703,0.081,-0.262,-1.151,0.191,-0.433,-0.868,0.103,-0.459,-0.895,0.085,-0.433,-0.896,-0.030,-0.338,-0.855,-0.105,-0.300,-0.790,0.401,-0.659,-0.798,0.352,-0.604,-0.845,0.172,-0.397,NearMiss
-0.124,-0.293,-0.980,-0.132,-0.210,-1.038,-0.208,-0.146,-1.029,-0.520,0.073,-0.853,-0.906,-0.046,-0.417,-0.778,-0.037,-0.473,-0.703,0.267,-0.590,-0.776,0.276,-0.450,-0.719,0.231,-0.495,-0.625,0.059,-0.549,-0.739,0.205,-0.324,-0.604,0.668,-0.463,-0.384,0.864,-0.784,-0.309,0.567,-0.946,-0.234,0.355,-0.944,-0.233,0.261,-0.927,NearMiss
-0.121,-0.300,-0.939,-0.076,-0.360,-1.007,-0.142,-0.211,-1.226,-0.484,0.388,-1.051,-0.722,0.163,-0.437,-0.693,-0.201,-0.305,-0.752,-0.173,-0.312,-0.811,-0.105,-0.389,-0.893,-0.023,-0.516,-0.879,-0.062,-0.467,-0.901,-0.022,-0.464,-0.845,-0.061,-0.402,-0.872,-0.059,-0.394,-0.926,-0.225,-0.477,-0.825,-0.095,-0.429,-0.842,-0.101,-0.448,NearMiss
-0.106,-0.179,-0.963,-0.098,-0.192,-0.992,-0.105,-0.114,-1.048,-0.221,0.719,-0.875,-0.744,0.882,-0.270,-0.796,0.248,-0.304,-0.727,0.272,-0.323,-0.842,0.324,-0.176,-0.952,0.420,-0.100,-0.992,0.281,-0.155,-0.880,0.352,-0.044,-0.890,0.337,-0.059,-1.031,0.349,-0.180,-0.839,0.330,-0.142,-0.797,0.313,-0.301,-0.772,0.339,-0.441,NearMiss
-0.105,-0.097,-0.995,0.075,-0.057,-1.107,-0.200,-0.093,-0.889,-0.396,-0.041,-0.718,-0.512,0.043,-0.769,-0.376,0.419,-0.903,-0.414,0.769,-0.737,-0.781,0.948,-0.322,-0.922,0.814,-0.260,-0.765,0.304,-0.409,-0.643,0.127,-0.263,-0.814,0.080,-0.143,-0.992,0.085,-0.171,-0.963,0.065,-0.144,-0.986,0.065,-0.116,-0.988,0.047,-0.107,NearMiss
-0.102,-0.160,-0.967,-0.087,-0.184,-0.976,-0.070,-0.187,-1.061,-0.270,-0.053,-1.240,-0.589,0.117,-1.192,-0.650,0.247,-0.770,-0.710,0.149,-0.341,-0.818,0.177,-0.276,-0.818,0.132,-0.160,-0.835,0.091,-0.107,-0.887,0.052,-0.150,-0.917,0.038,-0.166,-0.955,0.039,-0.193,-0.929,0.023,-0.252,-0.869,0.018,-0.256,-0.908,0.021,-0.272,NearMiss
-0.095,-0.052,-0.982,-0.003,-0.049,-1.142,0.046,-0.454,-1.266,-0.556,0.084,-0.691,-0.370,0.297,-0.512,-0.163,0.308,-0.878,-0.195,0.086,-1.006,-0.180,0.015,-1.030,-0.078,0.085,-0.978,0.040,0.359,-1.140,-0.539,0.676,-0.554,-0.906,0.592,-0.134,-0.601,0.532,-0.573,-0.610,0.470,-0.583,-0.732,0.376,-0.523,-0.833,0.373,-0.196,NearMiss
-0.113,0.028,-0.988,0.006,0.103,-1.123,0.010,-0.087,-0.851,-0.441,0.126,-0.815,-0.461,0.016,-0.873,-0.175,0.352,-1.060,-0.422,0.743,-0.849,-0.871,0.850,-0.401,-0.814,0.506,-0.294,-0.700,0.140,-0.322,-0.702,-0.017,-0.443,-0.879,0.014,-0.392,-0.918,0.004,-0.206,-0.946,-0.039,-0.230,-0.930,-0.019,-0.225,-0.926,-0.065,-0.236,NearMiss
-0.048,-0.067,-1.008,0.084,-0.005,-1.081,-0.021,0.104,-0.866,-0.501,0.159,-0.679,-0.466,0.253,-0.939,-0.380,0.349,-0.927,-0.185,0.414,-0.903,-0.347,0.805,-0.914,-0.785,0.967,-0.631,-0.719,0.548,-0.406,-0.618,-0.011,-0.263,-0.689,-0.216,-0.217,-0.851,-0.171,-0.193,-0.940,-0.177,-0.190,-0.952,-0.183,-0.225,-0.466,0.253,-0.939,NearMiss
-0.061,-0.014,-0.993,0.004,0.030,-1.091,-0.096,0.060,-0.876,-0.431,0.121,-0.782,-0.425,0.201,-0.925,-0.222,0.446,-0.950,-0.501,0.850,-0.816,-0.756,0.806,-0.444,-0.706,0.385,-0.264,-0.676,0.068,-0.243,-0.821,0.018,-0.315,-0.953,0.096,-0.329,-0.944,0.105,-0.224,-0.937,0.084,-0.199,-0.949,0.102,-0.224,-0.981,0.116,-0.201,NearMiss
-0.127,-0.044,-1.010,-0.183,0.001,-1.021,-0.340,0.233,-0.774,-0.280,0.470,-0.798,-0.181,0.637,-0.825,-0.204,0.702,-0.752,-0.365,0.895,-0.756,-0.570,0.725,-0.746,-0.646,0.377,-0.595,-0.673,0.097,-0.456,-0.744,-0.027,-0.368,-0.831,-0.135,-0.323,-0.839,-0.223,-0.319,-0.938,-0.099,-0.338,-0.952,-0.153,-0.315,-0.946,-0.179,-0.283,NearMiss
-0.140,0.024,-0.979,-0.136,0.069,-0.999,-0.226,0.153,-1.037,-0.394,0.295,-0.837,-0.358,0.353,-0.766,-0.234,0.505,-0.813,-0.229,0.669,-0.760,-0.258,0.871,-0.810,-0.445,0.734,-0.900,-0.552,0.320,-0.736,-0.607,0.068,-0.536,-0.678,-0.142,-0.431,-0.740,-0.206,-0.421,-0.782,-0.350,-0.426,-0.812,-0.406,-0.435,-0.806,-0.377,-0.433,NearMiss
0.012,-0.282,-0.984,0.034,-0.275,-0.936,0.015,-0.264,-0.915,0.011,-0.271,-0.948,0.002,-0.268,-0.974,0.005,-0.268,-1.013,-0.048,-0.197,-1.057,-0.240,0.062,-0.965,-0.499,0.336,-0.739,-0.757,0.475,-0.498,-0.870,0.231,-0.254,-0.916,0.077,-0.102,-0.936,0.132,-0.066,-0.954,0.189,-0.145,-0.927,0.105,-0.150,0.002,-0.268,-0.974,NearMiss
0.352,0.216,-0.936,0.386,0.326,-1.006,0.418,0.499,-1.197,-0.094,0.437,-1.253,-0.542,0.063,-0.790,-0.596,0.206,-0.421,-0.258,0.260,-0.471,0.054,0.414,-0.805,-0.113,0.209,-0.909,-0.113,0.170,-1.042,-0.078,0.173,-0.976,-0.124,-0.029,-1.087,-0.115,0.176,-1.113,-0.681,0.584,-0.433,-0.896,0.451,-0.203,-0.838,0.362,-0.315,NearMiss
0.347,0.100,-0.920,0.348,0.111,-0.926,0.408,0.104,-0.963,0.497,0.407,-1.156,-0.080,0.818,-1.274,-0.422,0.620,-0.746,-0.516,0.305,-0.205,-0.586,-0.068,-0.112,-0.763,-0.239,-0.037,-0.940,-0.183,-0.138,-0.994,-0.141,-0.157,-0.948,-0.168,-0.109,-0.954,-0.136,-0.093,-0.970,-0.125,-0.103,-0.979,-0.102,-0.100,-0.990,-0.100,-0.103,NearMiss
0.257,0.201,-0.939,0.260,0.203,-0.935,0.311,0.198,-1.007,0.420,0.428,-1.177,0.036,0.756,-1.059,-0.435,0.644,-0.524,-0.599,0.597,-0.095,-0.600,0.313,0.086,-0.708,0.098,0.195,-0.923,-0.014,0.114,-1.060,0.191,0.357,-0.986,0.076,0.195,-0.882,0.065,0.213,-0.991,0.115,0.237,-0.964,0.138,0.237,-0.931,0.135,0.234,NearMiss
0.313,0.193,-0.913,0.307,0.226,-0.920,0.350,0.187,-0.936,0.393,0.492,-1.027,0.099,0.706,-1.127,-0.220,0.734,-0.893,-0.475,0.680,-0.567,-0.607,0.333,-0.258,-0.703,0.023,-0.159,-0.719,-0.206,-0.202,-0.879,-0.171,-0.336,-0.984,-0.156,-0.294,-0.935,-0.091,-0.198,-0.942,-0.059,-0.220,-0.959,-0.042,-0.213,-0.965,-0.040,-0.225,NearMiss
0.276,0.195,-0.929,0.281,0.186,-0.934,0.283,0.188,-0.934,0.284,0.190,-0.933,0.287,0.179,-0.935,0.283,0.176,-0.930,0.314,0.191,-0.947,0.223,0.450,-0.919,0.092,0.636,-0.858,0.099,0.724,-0.929,-0.046,0.978,-1.075,-0.415,0.921,-0.737,-0.526,0.240,-0.279,-0.508,-0.186,-0.112,-0.674,-0.289,-0.079,-0.809,-0.209,-0.132,NearMiss
0.304,0.159,-0.924,0.296,0.162,-0.942,0.451,0.248,-1.152,0.178,0.736,-1.490,-0.256,0.714,-0.936,-0.429,0.245,-0.282,-0.578,-0.055,-0.091,-0.702,-0.254,-0.138,-0.892,-0.275,-0.189,-0.951,-0.253,-0.222,-0.873,-0.255,-0.198,-0.876,-0.313,-0.201,-0.975,-0.298,-0.161,-0.907,-0.283,-0.264,-0.893,-0.259,-0.299,-0.938,-0.301,-0.117,NearMiss
0.381,0.193,-1.063,0.364,0.109,-1.240,0.064,-0.006,-1.280,-0.402,-0.088,-0.915,-0.552,0.109,-0.521,-0.088,0.298,-0.518,0.061,0.374,-0.868,-0.108,0.088,-1.004,-0.099,0.114,-1.010,-0.027,0.014,-1.221,-0.276,0.273,-0.898,-0.805,0.468,-0.375,-0.693,0.285,-0.507,-0.649,0.296,-0.635,-0.775,0.411,-0.457,-0.811,0.358,-0.395,NearMiss
0.346,0.244,-0.899,0.342,0.257,-0.921,0.377,0.296,-0.991,0.328,0.536,-1.059,0.069,0.700,-1.046,-0.231,0.672,-0.851,-0.465,0.407,-0.580,-0.591,0.181,-0.430,-0.697,0.121,-0.432,-0.817,0.002,-0.467,-0.865,-0.081,-0.467,-0.885,-0.127,-0.464,-0.869,-0.164,-0.425,-0.839,-0.202,-0.396,-0.793,-0.237,-0.373,-0.789,-0.276,-0.364,NearMiss
0.144,0.267,-1.012,0.115,0.245,-0.965,0.110,0.327,-1.016,-0.016,0.550,-1.074,-0.421,0.731,-0.738,-0.621,0.651,-0.273,-0.678,0.543,-0.069,-0.737,0.441,-0.037,-0.798,0.400,-0.102,-0.882,0.464,-0.109,-0.865,0.380,-0.093,-0.808,0.342,-0.099,-0.853,0.341,-0.122,-0.847,0.402,-0.138,-0.819,0.431,-0.085,-0.811,0.425,-0.080,NearMiss
0.294,0.039,-0.938,0.289,0.090,-0.984,0.348,0.427,-1.109,-0.106,1.322,-1.013,-0.369,0.941,-0.343,-0.318,0.259,-0.146,-0.501,0.185,-0.242,-0.814,0.214,-0.267,-1.002,0.270,-0.261,-0.925,0.237,-0.206,-0.879,0.260,-0.157,-0.972,0.227,-0.248,-0.771,0.308,-0.279,-0.625,0.207,-0.397,-0.559,0.204,-0.248,-0.458,0.258,-0.236,NearMiss
0.236,0.092,-0.941,0.204,0.154,-0.968,0.202,0.169,-0.962,0.226,0.314,-0.995,0.062,0.682,-1.000,-0.259,1.067,-0.632,-0.554,0.909,-0.147,-0.599,0.444,0.013,-0.669,0.323,0.048,-0.803,0.406,-0.046,-0.881,0.395,0.000,-0.883,0.327,0.068,-0.849,0.318,0.040,-0.869,0.367,0.062,-0.871,0.370,0.098,-0.863,0.466,0.133,NearMiss
0.297,-0.041,-0.942,0.314,-0.004,-0.975,0.415,0.188,-1.265,0.071,0.698,-1.524,-0.375,0.494,-0.746,-0.473,-0.020,-0.152,-0.615,-0.239,-0.051,-0.823,-0.162,-0.163,-0.956,-0.129,-0.234,-0.873,-0.185,-0.293,-0.961,-0.185,-0.139,-0.934,-0.158,-0.242,-0.894,-0.171,-0.380,-0.946,-0.125,-0.275,-0.905,-0.184,-0.242,-0.892,-0.148,-0.227,NearMiss
0.319,0.156,-0.926,0.308,0.157,-0.931,0.322,0.164,-0.938,0.369,0.178,-1.058,0.317,0.448,-1.194,0.017,0.565,-1.121,-0.295,0.455,-0.831,-0.473,0.303,-0.532,-0.612,0.118,-0.440,-0.741,0.034,-0.430,-0.842,-0.066,-0.433,-0.892,-0.100,-0.428,-0.901,-0.198,-0.363,-0.884,-0.211,-0.338,-0.861,-0.223,-0.317,-0.860,-0.232,-0.320,NearMiss
0.301,-0.019,-0.941,0.282,0.000,-0.957,0.341,-0.034,-0.975,0.393,0.291,-1.157,-0.078,0.907,-1.260,-0.388,0.694,-0.687,-0.547,0.325,-0.223,-0.588,-0.014,-0.196,-0.750,-0.171,-0.189,-0.935,-0.148,-0.168,-0.967,-0.117,-0.183,-0.964,-0.071,-0.221,-0.962,-0.051,-0.193,-0.955,-0.059,-0.181,-0.980,-0.057,-0.181,-0.972,-0.051,-0.194,NearMiss
0.172,0.092,-0.937,0.162,0.123,-0.967,0.192,0.138,-0.960,0.171,0.325,-0.996,0.082,0.748,-1.026,-0.220,1.113,-0.763,-0.496,0.807,-0.288,-0.539,0.445,-0.121,-0.651,0.351,-0.130,-0.824,0.349,-0.187,-0.900,0.373,-0.129,-0.884,0.275,-0.129,-0.909,0.297,-0.115,-0.879,0.231,-0.151,-0.923,0.271,-0.118,-0.903,0.289,-0.134,NearMiss
0.285,0.020,-0.974,0.382,0.188,-1.147,0.157,0.729,-1.393,-0.326,0.955,-0.926,-0.462,0.184,-0.244,-0.521,-0.195,-0.043,-0.720,-0.260,-0.072,-0.880,-0.076,-0.315,-0.949,-0.152,-0.240,-0.900,-0.195,-0.330,-0.902,-0.040,-0.317,-0.959,-0.119,-0.250,-0.944,-0.206,-0.150,-0.961,-0.143,-0.265,-0.922,-0.155,-0.214,-0.956,-0.182,-0.222,NearMiss
0.296,0.537,-0.780,0.280,0.524,-0.787,0.284,0.549,-0.793,0.351,0.630,-0.911,0.224,0.994,-0.941,-0.134,0.838,-0.799,-0.363,0.571,-0.627,-0.539,0.296,-0.455,-0.645,0.171,-0.373,-0.786,0.109,-0.368,-0.913,-0.001,-0.372,-0.940,-0.024,-0.340,-0.951,-0.058,-0.261,-0.957,-0.086,-0.242,-0.943,-0.143,-0.202,-0.926,-0.149,-0.189,NearMiss
0.211,0.438,-0.896,0.231,0.758,-1.005,-0.081,1.125,-0.988,-0.326,0.936,-0.624,-0.522,0.405,-0.220,-0.630,-0.023,-0.158,-0.718,-0.197,-0.169,-0.898,-0.115,-0.216,-0.952,-0.140,-0.273,-0.948,-0.208,-0.200,-0.873,-0.134,-0.322,-0.905,-0.142,-0.296,-0.957,-0.190,-0.160,-0.930,-0.237,-0.155,-0.936,-0.229,-0.214,-0.871,-0.238,-0.045,NearMiss
0.313,0.202,-0.920,0.321,0.193,-0.941,0.455,0.484,-1.020,-0.082,1.411,-0.930,-0.315,0.894,-0.318,-0.367,0.196,-0.229,-0.585,0.164,-0.226,-0.888,0.274,-0.223,-0.978,0.274,-0.267,-0.845,0.278,-0.134,-0.892,0.252,-0.195,-0.595,0.222,-0.306,-0.432,0.300,-0.142,-0.370,0.928,0.197,-0.206,1.319,0.065,0.002,1.558,-0.252,NearMiss
0.249,0.559,-0.776,0.234,0.598,-0.768,0.242,0.584,-0.770,0.272,0.624,-0.776,0.315,1.104,-0.684,-0.032,1.081,-0.572,-0.473,0.784,-0.576,-0.649,0.431,-0.536,-0.761,0.207,-0.260,-0.784,-0.010,-0.169,-0.727,-0.096,-0.245,-0.787,-0.110,-0.160,-0.978,-0.230,-0.288,-0.986,-0.135,-0.287,-0.931,-0.124,-0.200,-0.934,-0.131,-0.251,NearMiss
0.289,0.209,-0.925,0.291,0.202,-0.928,0.293,0.202,-0.927,0.301,0.203,-0.949,0.412,0.425,-1.041,-0.004,0.957,-1.254,-0.335,0.583,-0.773,-0.439,0.505,-0.555,-0.581,0.248,-0.428,-0.741,0.140,-0.347,-0.793,0.072,-0.117,-0.773,0.084,-0.511,-0.833,0.034,-0.395,-0.916,-0.013,-0.382,-0.922,0.174,-0.322,-0.895,0.128,-0.393,NearMiss
0.322,0.176,-0.925,0.325,0.190,-0.921,0.401,0.252,-1.041,0.563,0.393,-1.416,-0.075,0.483,-1.216,-0.400,0.323,-0.604,-0.541,0.221,-0.235,-0.685,0.126,-0.203,-0.771,0.107,-0.262,-0.693,0.433,-0.439,-0.862,0.343,-0.425,-0.858,0.295,-0.399,-0.840,0.272,-0.371,-0.854,0.288,-0.403,-0.775,0.398,-0.454,-0.815,0.268,-0.357,NearMiss
0.322,0.196,-0.922,0.327,0.200,-0.917,0.326,0.202,-0.918,0.331,0.185,-0.933,0.429,0.338,-0.988,0.115,0.994,-0.984,-0.217,0.893,-0.669,-0.346,0.715,-0.511,-0.442,0.392,-0.450,-0.652,0.159,-0.290,-0.802,0.259,-0.438,-0.898,0.286,-0.410,-0.886,0.173,-0.394,-0.810,0.135,-0.351,-0.840,0.079,-0.398,-0.883,0.066,-0.434,NearMiss
0.299,0.208,-0.926,0.307,0.207,-0.930,0.548,0.204,-1.128,0.338,0.808,-1.348,-0.204,0.705,-0.744,-0.410,0.527,-0.108,-0.556,0.151,0.095,-0.799,-0.059,0.074,-0.963,-0.168,0.111,-1.009,-0.167,0.184,-0.990,-0.051,0.214,-0.951,-0.040,0.180,-0.858,-0.135,0.135,-0.787,-0.064,0.132,-0.788,0.280,0.153,-0.708,0.367,-0.073,NearMiss
0.321,0.210,-0.918,0.333,0.203,-0.925,0.425,0.316,-1.044,0.187,0.711,-1.206,-0.182,0.636,-0.719,-0.367,0.535,-0.639,-0.508,0.365,-0.613,-0.691,0.310,-0.441,-0.720,0.390,-0.267,-0.757,0.392,-0.250,-0.868,0.180,-0.333,-0.878,0.301,-0.291,-0.893,0.241,-0.278,-0.943,0.196,-0.164,-0.960,0.181,-0.131,-0.955,0.142,-0.140,NearMiss
0.078,0.210,-0.963,0.068,0.223,-0.960,0.053,0.243,-1.000,0.011,0.375,-1.078,-0.172,0.568,-1.029,-0.556,0.849,-0.606,-0.678,0.605,-0.206,-0.627,0.467,-0.173,-0.649,0.387,-0.163,-0.752,0.443,-0.164,-0.887,0.458,-0.114,-0.815,0.409,-0.132,-0.892,0.445,-0.048,-0.868,0.389,-0.062,-0.870,0.455,-0.031,-0.917,0.484,-0.067,NearMiss
0.250,0.473,-0.841,0.244,0.494,-0.857,0.268,0.555,-0.921,0.165,0.722,-1.008,-0.126,0.720,-0.965,-0.325,0.566,-0.844,-0.440,0.358,-0.623,-0.571,0.185,-0.518,-0.661,0.019,-0.457,-0.730,-0.088,-0.447,-0.786,-0.195,-0.429,-0.873,-0.130,-0.469,-0.936,-0.163,-0.554,-0.901,-0.101,-0.506,-0.863,-0.129,-0.441,-0.849,-0.179,-0.356,NearMiss
0.291,0.007,-0.939,0.274,0.033,-0.957,0.316,-0.007,-0.991,0.458,0.249,-1.355,-0.035,0.759,-1.429,-0.322,0.533,-0.760,-0.478,0.052,-0.173,-0.555,-0.251,-0.041,-0.770,-0.330,-0.150,-0.873,-0.261,-0.309,-0.893,-0.332,-0.286,-0.808,-0.249,-0.330,-0.898,-0.253,-0.316,-0.936,-0.394,-0.078,-0.866,-0.294,-0.394,-0.921,-0.283,-0.102,NearMiss
0.267,0.368,-0.926,0.267,0.454,-0.973,0.204,0.626,-1.037,-0.021,0.646,-1.038,-0.261,0.542,-0.891,-0.455,0.339,-0.610,-0.611,0.091,-0.435,-0.722,-0.026,-0.427,-0.823,-0.099,-0.445,-0.872,-0.154,-0.438,-0.876,-0.158,-0.424,-0.858,-0.198,-0.358,-0.862,-0.198,-0.346,-0.870,-0.223,-0.326,-0.863,-0.223,-0.318,-0.872,-0.215,-0.309,NearMiss
0.226,0.082,-0.948,0.256,0.143,-1.048,0.220,0.522,-1.163,-0.177,1.087,-0.936,-0.435,0.803,-0.295,-0.450,0.479,-0.172,-0.457,0.339,-0.246,-0.729,0.462,-0.285,-0.848,0.404,-0.236,-0.895,0.418,-0.200,-0.809,0.407,-0.170,-0.882,0.400,-0.225,-0.691,0.476,-0.267,-0.509,0.384,-0.419,-0.457,0.437,-0.268,-0.384,0.419,-0.334,NearMiss
0.147,0.204,-0.979,0.100,0.245,-0.999,0.090,0.308,-1.082,-0.057,0.482,-1.119,-0.431,0.635,-0.719,-0.700,0.655,-0.214,-0.698,0.484,-0.068,-0.641,0.315,-0.108,-0.769,0.356,-0.062,-0.879,0.453,-0.018,-0.886,0.420,-0.037,-0.891,0.419,-0.009,-0.830,0.447,0.057,-0.821,0.453,0.012,-0.673,0.516,-0.092,-0.647,0.484,-0.105,NearMiss
0.303,0.082,-0.939,0.280,0.104,-0.958,0.389,0.155,-0.993,0.256,0.763,-1.169,-0.259,0.969,-1.002,-0.491,0.541,-0.532,-0.566,0.027,-0.268,-0.641,-0.189,-0.126,-0.793,-0.255,-0.127,-0.925,-0.226,-0.178,-0.946,-0.219,-0.200,-0.931,-0.179,-0.184,-0.951,-0.179,-0.215,-0.954,-0.164,-0.172,-0.986,-0.191,-0.159,-1.008,-0.195,-0.135,NearMiss
0.261,0.143,-0.948,0.258,0.166,-0.949,0.278,0.164,-0.970,0.423,0.278,-1.113,0.182,0.592,-1.217,-0.178,0.546,-1.035,-0.546,0.335,-0.585,-0.791,0.319,-0.200,-0.856,0.224,-0.085,-0.851,0.197,-0.201,-0.551,0.458,-0.373,-0.261,0.583,-0.637,-0.376,0.673,-0.688,-0.618,0.585,-0.594,-0.635,0.620,-0.501,-0.629,0.653,-0.477,NearMiss
0.072,0.245,-0.968,0.038,0.273,-0.942,0.072,0.318,-1.033,-0.033,0.586,-1.080,-0.400,0.864,-0.749,-0.630,0.738,-0.207,-0.646,0.499,-0.028,-0.687,0.356,-0.065,-0.796,0.361,-0.136,-0.909,0.319,-0.107,-0.932,0.279,-0.088,-0.864,0.269,-0.090,-0.886,0.330,-0.058,-0.891,0.298,-0.060,-0.884,0.301,-0.053,-0.914,0.287,0.006,NearMiss
0.239,0.443,-0.869,0.235,0.484,-0.886,0.241,0.572,-0.949,0.113,0.685,-1.026,-0.104,0.689,-1.009,-0.321,0.499,-0.782,-0.489,0.294,-0.603,-0.618,0.113,-0.485,-0.722,-0.010,-0.442,-0.791,-0.090,-0.413,-0.836,-0.156,-0.426,-0.872,-0.233,-0.393,-0.895,-0.251,-0.364,-0.886,-0.243,-0.332,-0.884,-0.279,-0.300,-0.865,-0.307,-0.290,NearMiss
0.259,0.032,-0.948,0.253,0.070,-0.973,0.361,0.127,-1.133,0.173,0.594,-1.386,-0.251,0.698,-0.993,-0.472,0.301,-0.274,-0.595,0.163,-0.086,-0.709,0.202,-0.285,-0.872,0.281,-0.277,-0.953,0.323,-0.228,-0.875,0.248,-0.178,-0.951,0.267,-0.175,-0.908,0.182,-0.243,-0.693,0.156,-0.289,-0.614,-0.016,-0.177,-0.499,0.253,-0.242,NearMiss
0.233,0.413,-0.885,0.224,0.449,-0.890,0.254,0.510,-1.008,0.138,0.703,-1.088,-0.146,0.672,-1.041,-0.356,0.473,-0.714,-0.533,0.172,-0.482,-0.657,-0.000,-0.436,-0.755,-0.117,-0.422,-0.823,-0.169,-0.387,-0.874,-0.150,-0.383,-0.918,-0.165,-0.304,-0.935,-0.165,-0.305,-0.911,-0.171,-0.299,-0.873,-0.183,-0.275,-0.828,-0.198,-0.239,NearMiss
0.306,0.400,-0.854,0.296,0.410,-0.860,0.310,0.435,-0.894,0.332,0.607,-1.058,0.120,0.652,-1.061,-0.085,0.571,-0.938,-0.303,0.426,-0.694,-0.510,0.227,-0.436,-0.666,0.106,-0.420,-0.835,0.084,-0.484,-0.919,0.056,-0.468,-0.935,0.089,-0.407,-0.908,0.052,-0.382,-0.874,0.046,-0.339,-0.888,0.005,-0.300,-0.873,-0.002,-0.317,NearMiss
0.172,0.165,-0.978,0.168,0.176,-0.965,0.165,0.193,-0.953,0.167,0.242,-0.980,-0.007,0.514,-1.022,-0.303,0.822,-0.991,-0.491,0.673,-0.739,-0.545,0.431,-0.376,-0.571,0.198,-0.301,-0.618,0.091,-0.388,-0.672,0.179,-0.746,-0.853,0.234,-0.595,-0.779,0.231,-0.597,-0.747,0.180,-0.536,-0.760,0.159,-0.546,-0.768,0.169,-0.579,NearMiss
0.321,0.226,-0.896,0.374,0.148,-0.801,0.304,0.264,-0.804,0.334,0.306,-0.774,0.352,0.814,-0.519,0.451,0.969,-0.573,0.637,0.928,-0.625,0.566,1.025,-0.863,0.227,1.018,-0.863,-0.163,0.744,-0.625,-0.423,0.375,-0.415,-0.512,0.156,-0.462,-0.598,0.002,-0.523,-0.706,-0.084,-0.530,-0.769,-0.170,-0.539,-0.761,-0.191,-0.550,NearMiss
0.223,0.157,-0.965,0.218,0.140,-0.955,0.225,0.154,-0.951,0.214,0.154,-0.939,0.223,0.119,-0.873,0.331,0.054,-0.749,0.561,0.263,-0.895,0.585,0.485,-0.954,0.287,0.665,-0.757,0.310,0.917,-0.747,0.046,1.024,-0.862,-0.221,0.855,-0.757,-0.327,0.766,-0.514,-0.494,0.344,-0.200,-0.621,0.127,-0.124,0.223,0.119,-0.873,NearMiss
0.226,0.212,-0.996,0.162,0.321,-1.113,-0.120,0.708,-1.150,-0.414,0.883,-0.711,-0.448,0.615,-0.253,-0.530,0.414,-0.002,-0.593,0.600,-0.448,-0.860,0.294,-0.366,-0.775,0.329,-0.246,-0.804,0.358,-0.189,-0.912,0.302,-0.249,-0.859,0.169,-0.544,-0.738,0.115,-0.681,-0.653,0.639,-0.297,-0.750,0.190,-0.624,-0.812,0.224,-0.636,NearMiss
0.491,0.443,-0.785,0.477,0.436,-0.786,0.529,0.494,-0.905,0.337,0.772,-1.078,-0.105,1.025,-0.831,-0.294,0.908,-0.413,-0.530,0.518,-0.215,-0.678,0.178,-0.274,-0.685,-0.142,-0.158,-0.758,-0.236,-0.158,-0.863,-0.266,-0.272,-0.956,-0.272,-0.311,-0.844,-0.294,-0.246,-0.842,-0.295,-0.226,-0.928,-0.301,-0.219,-0.936,-0.311,-0.239,NearMiss
0.410,0.331,-0.848,0.404,0.326,-0.837,0.427,0.314,-0.869,0.491,0.446,-1.036,0.212,0.806,-1.080,-0.137,0.927,-0.778,-0.368,0.764,-0.153,-0.466,0.521,0.096,-0.568,0.027,0.163,-0.875,-0.091,0.276,-1.028,0.103,0.471,-0.912,0.145,0.426,-0.808,0.128,0.327,-0.903,0.197,0.374,-0.948,0.225,0.348,-0.925,0.211,0.376,NearMiss
0.079,0.399,-0.977,0.038,0.410,-0.936,0.017,0.493,-0.945,-0.203,0.850,-0.971,-0.483,0.874,-0.671,-0.575,0.569,-0.363,-0.601,0.258,-0.313,-0.709,0.070,-0.357,-0.813,0.123,-0.405,-0.851,0.119,-0.423,-0.855,0.092,-0.403,-0.835,0.007,-0.444,-0.860,0.034,-0.481,-0.874,0.033,-0.448,-0.851,0.021,-0.438,-0.817,0.214,-0.439,NearMiss
0.207,0.302,-0.928,0.203,0.297,-0.933,0.200,0.278,-0.931,0.190,0.321,-1.000,0.042,0.563,-1.153,-0.162,0.758,-1.231,-0.382,0.639,-0.843,-0.454,0.324,-0.505,-0.655,-0.015,-0.354,-0.726,-0.016,-0.306,-0.674,0.168,-0.299,-0.474,0.832,-0.325,-0.878,0.473,-0.309,-1.022,0.047,-0.343,-0.554,0.702,-0.303,-0.889,0.443,-0.264,NearMiss
0.635,0.451,-0.621,0.622,0.476,-0.626,0.648,0.492,-0.673,0.825,0.569,-0.916,0.455,0.704,-0.924,-0.099,1.002,-0.670,-0.396,0.903,-0.424,-0.561,0.590,-0.238,-0.689,0.202,-0.205,-0.741,-0.093,-0.164,-0.699,-0.231,-0.210,-0.813,-0.286,-0.237,-0.909,-0.312,-0.275,-0.870,-0.320,-0.265,-0.862,-0.365,-0.234,-0.886,-0.354,-0.272,NearMiss
0.310,0.224,-0.995,0.276,0.253,-1.012,0.208,0.437,-1.095,-0.137,0.680,-0.885,-0.537,0.825,-0.282,-0.725,0.629,0.149,-0.652,0.462,0.109,-0.702,0.424,0.049,-0.814,0.448,0.024,-0.847,0.437,0.049,-0.805,0.388,-0.035,-0.870,0.467,0.010,-0.893,0.422,0.023,-0.897,0.441,0.019,-0.880,0.474,-0.009,-0.925,0.453,-0.026,NearMiss
0.291,0.279,-0.927,0.292,0.265,-0.930,0.334,0.311,-1.124,0.222,0.540,-1.248,-0.137,0.786,-0.867,-0.451,0.647,-0.333,-0.572,0.309,-0.040,-0.693,0.377,0.078,-0.863,0.327,0.066,-0.910,0.208,0.044,-0.908,0.167,0.093,-0.958,0.218,0.060,-0.996,0.110,0.073,-0.994,0.051,0.078,-0.977,0.009,0.080,-0.995,0.020,0.076,NearMiss
0.316,0.380,-0.931,0.266,0.546,-0.995,-0.144,1.055,-1.071,-0.374,0.892,-0.582,-0.358,0.582,-0.140,-0.495,0.506,0.066,-0.566,0.566,-0.257,-0.816,0.542,-0.233,-0.783,0.427,-0.118,-0.767,0.539,-0.007,-0.984,0.249,-0.362,-0.858,0.297,-0.329,-0.762,0.489,-0.206,-0.799,0.405,-0.325,-0.796,0.472,-0.318,-0.796,0.510,-0.316,NearMiss
0.218,0.541,-0.887,0.229,0.518,-0.855,0.202,0.536,-0.934,0.042,0.859,-1.197,-0.351,1.058,-0.989,-0.437,0.673,-0.456,-0.449,0.105,-0.108,-0.525,-0.229,-0.088,-0.760,-0.359,-0.228,-0.849,-0.258,-0.389,-0.864,-0.348,-0.333,-0.791,-0.286,-0.323,-0.831,-0.311,-0.384,-0.899,-0.400,-0.268,-0.884,-0.424,-0.177,-0.826,-0.365,-0.297,NearMiss
0.309,0.520,-0.789,0.308,0.512,-0.799,0.317,0.502,-0.819,0.348,0.513,-0.931,0.326,0.590,-1.110,0.019,0.636,-1.133,-0.230,0.500,-0.963,-0.319,0.304,-0.781,-0.328,0.083,-0.729,-0.436,-0.255,-0.599,-0.503,-0.419,-0.318,-0.600,-0.475,-0.262,-0.642,-0.300,-0.886,-0.520,-0.403,-0.840,-0.529,-0.545,-0.450,-0.455,-0.589,-0.552,NearMiss
0.566,0.414,-0.751,0.550,0.426,-0.739,0.599,0.424,-0.801,0.664,0.514,-0.966,0.194,0.912,-0.823,-0.316,1.178,-0.438,-0.470,0.843,-0.161,-0.592,0.422,-0.125,-0.602,0.030,-0.167,-0.663,-0.224,-0.154,-0.835,-0.242,-0.227,-0.894,-0.251,-0.279,-0.919,-0.246,-0.221,-0.931,-0.226,-0.250,-0.944,-0.233,-0.228,-0.947,-0.240,-0.258,NearMiss
0.235,0.412,-0.890,0.215,0.396,-0.877,0.257,0.399,-0.902,0.278,0.434,-1.061,0.095,0.645,-1.148,-0.247,0.715,-0.981,-0.482,0.623,-0.612,-0.601,0.329,-0.368,-0.676,0.124,-0.342,-0.740,-0.029,-0.382,-0.837,-0.087,-0.417,-0.817,-0.192,-0.427,-0.816,-0.279,-0.381,-0.790,-0.315,-0.385,-0.797,-0.338,-0.388,-0.798,-0.411,-0.396,NearMiss
0.322,0.360,-0.917,0.361,0.324,-0.992,0.373,0.395,-1.267,-0.065,0.787,-1.224,-0.390,0.654,-0.636,-0.460,0.239,-0.206,-0.651,-0.025,-0.110,-0.710,-0.202,-0.242,-0.831,-0.108,-0.393,-0.917,-0.107,-0.472,-0.943,-0.196,-0.222,-0.909,-0.168,-0.330,-0.912,-0.181,-0.355,-0.962,-0.169,-0.319,-0.968,-0.139,-0.458,-0.888,-0.223,-0.325,NearMiss
0.228,0.464,-0.895,0.185,0.526,-0.942,-0.050,1.080,-0.951,-0.411,1.281,-0.300,-0.447,0.724,0.120,-0.408,0.190,-0.077,-0.696,0.255,-0.109,-0.926,0.310,-0.146,-0.804,0.309,-0.119,-1.008,0.266,-0.222,-0.987,0.267,-0.168,-0.847,0.246,-0.133,-0.859,0.338,-0.278,-0.656,0.426,-0.298,-0.449,0.511,-0.301,-0.460,0.631,-0.115,NearMiss
0.329,0.198,-0.995,0.326,0.185,-1.030,0.232,0.361,-1.090,-0.089,0.689,-1.036,-0.356,0.635,-0.895,-0.476,0.342,-0.540,-0.550,0.040,-0.348,-0.661,-0.092,-0.405,-0.784,-0.113,-0.510,-0.817,-0.142,-0.510,-0.814,-0.086,-0.531,-0.802,-0.173,-0.478,-0.811,-0.124,-0.545,-0.817,-0.151,-0.566,-0.815,-0.136,-0.483,-0.816,-0.143,-0.507,NearMiss
0.330,0.273,-0.955,0.302,0.298,-0.972,0.202,0.596,-1.003,-0.224,1.012,-0.633,-0.495,1.045,-0.027,-0.600,0.687,0.241,-0.567,0.339,0.190,-0.579,0.257,0.010,-0.920,0.298,0.064,-1.024,0.349,0.031,-1.011,0.257,0.023,-0.979,0.214,0.004,-0.906,0.199,-0.012,-0.870,0.165,-0.000,-0.905,0.272,-0.098,-1.027,0.300,-0.110,NearMiss
0.473,0.150,-0.902,0.479,0.166,-0.933,0.460,0.193,-1.012,0.342,0.398,-1.137,-0.126,0.842,-0.893,-0.397,0.789,-0.392,-0.532,0.429,-0.076,-0.604,0.313,-0.110,-0.771,0.360,-0.123,-0.868,0.445,-0.104,-0.865,0.483,-0.046,-0.847,0.510,-0.015,-0.863,0.482,-0.060,-0.846,0.470,-0.039,-0.820,0.509,-0.049,-0.786,0.513,-0.051,NearMiss
0.300,0.342,-0.913,0.298,0.328,-0.921,0.249,0.409,-0.944,0.171,0.572,-0.923,-0.058,0.929,-0.854,-0.371,0.839,-0.542,-0.493,0.666,-0.345,-0.528,0.436,-0.282,-0.537,0.370,-0.440,-0.622,0.358,-0.633,-0.939,0.399,-0.532,-0.818,0.260,-0.482,-0.818,0.174,-0.438,-0.870,0.189,-0.506,-0.760,0.140,-0.449,-0.779,0.004,-0.463,NearMiss
0.106,0.346,-0.974,0.098,0.327,-0.950,0.148,0.310,-1.145,-0.068,0.536,-1.288,-0.488,0.718,-0.851,-0.554,0.558,-0.376,-0.557,0.082,-0.185,-0.634,-0.177,-0.177,-0.830,-0.157,-0.342,-0.927,-0.175,-0.316,-0.908,-0.226,-0.309,-0.880,-0.043,-0.397,-0.774,-0.183,-0.328,-0.829,-0.090,-0.418,-0.957,0.358,-0.583,-1.040,0.592,-0.728,NearMiss
0.272,0.386,-0.967,0.330,0.439,-1.253,-0.040,0.822,-1.353,-0.355,0.713,-0.555,-0.446,0.158,-0.138,-0.588,-0.159,-0.117,-0.898,-0.001,-0.338,-1.057,-0.226,-0.390,-0.828,-0.310,-0.366,-0.888,0.580,-0.705,-0.831,0.262,-0.573,-0.700,-0.290,-0.247,-0.763,-0.371,-0.126,-0.799,-0.547,-0.046,-0.822,-0.383,-0.211,-0.831,-0.530,-0.090,NearMiss
0.469,0.275,-0.943,0.467,0.310,-0.989,0.144,0.610,-1.001,-0.353,0.880,-0.726,-0.591,0.900,-0.366,-0.697,0.508,-0.160,-0.747,0.138,-0.213,-0.711,-0.105,-0.276,-0.775,-0.127,-0.188,-0.888,-0.209,-0.213,-0.871,-0.262,-0.260,-0.896,-0.293,-0.249,-0.933,-0.374,-0.313,-0.860,-0.370,-0.242,-0.850,-0.328,-0.248,-0.874,-0.316,-0.269,NearMiss
0.644,0.260,-0.716,0.686,0.278,-0.790,0.795,0.305,-0.909,0.636,0.522,-1.006,0.048,1.010,-0.520,-0.466,0.773,0.163,-0.549,0.498,0.234,-0.580,0.426,0.094,-0.689,0.485,0.019,-0.841,0.505,0.149,-0.854,0.490,0.162,-0.817,0.485,0.159,-0.839,0.502,0.173,-0.829,0.517,0.175,-0.758,0.531,0.190,-0.762,0.596,0.192,NearMiss
0.421,0.275,-0.979,0.451,0.244,-1.201,0.168,0.417,-1.445,-0.324,0.689,-1.056,-0.515,0.284,-0.321,-0.571,0.036,-0.070,-0.582,-0.220,-0.047,-0.727,-0.352,-0.171,-0.971,-0.297,-0.227,-0.685,-0.383,-0.251,-0.674,-0.281,-0.229,-0.912,-0.011,-0.367,-1.022,0.185,-0.575,-1.082,0.087,-0.569,-0.866,-0.229,-0.409,-0.807,-0.321,-0.300,NearMiss
0.326,0.289,-0.942,0.286,0.298,-0.931,0.323,0.305,-1.052,0.213,0.440,-1.186,-0.228,0.790,-0.933,-0.490,0.739,-0.585,-0.566,0.181,-0.280,-0.637,-0.150,-0.157,-0.829,-0.175,-0.153,-0.925,-0.090,-0.188,-0.929,-0.121,-0.202,-0.966,-0.137,-0.239,-0.945,-0.119,-0.236,-0.938,-0.147,-0.234,-0.947,-0.142,-0.261,-0.922,-0.162,-0.236,NearMiss
0.245,0.083,-0.976,0.252,0.086,-0.975,0.293,0.107,-1.081,0.080,0.586,-1.169,-0.361,0.836,-0.922,-0.496,0.600,-0.536,-0.560,0.145,-0.238,-0.634,-0.154,-0.192,-0.865,-0.103,-0.276,-0.932,-0.018,-0.355,-0.932,-0.039,-0.332,-0.933,-0.033,-0.301,-0.935,-0.035,-0.298,-0.940,-0.043,-0.315,-0.940,-0.052,-0.308,-0.933,-0.060,-0.315,NearMiss
0.304,0.131,-0.956,0.305,0.128,-0.933,0.301,0.169,-0.969,0.254,0.337,-1.059,-0.066,0.891,-0.698,-0.348,1.002,0.012,-0.391,0.628,0.295,-0.500,0.302,0.452,-0.660,0.211,0.584,-0.722,0.217,0.759,-0.655,0.258,0.757,-0.625,0.398,0.693,-0.636,0.449,0.687,-0.639,0.410,0.669,-0.657,0.308,0.650,-0.657,0.257,0.650,NearMiss
0.340,0.169,-0.920,0.339,0.171,-0.914,0.351,0.162,-0.950,0.384,0.187,-1.088,0.279,0.407,-1.206,-0.014,0.493,-1.096,-0.244,0.372,-0.829,-0.411,0.244,-0.607,-0.524,0.062,-0.520,-0.651,-0.048,-0.481,-0.712,-0.139,-0.603,-0.753,-0.170,-0.656,-0.800,-0.182,-0.667,-0.800,-0.218,-0.591,-0.783,-0.261,-0.525,-0.766,-0.297,-0.481,NearMiss
0.142,0.111,-1.001,0.113,0.129,-0.996,0.132,0.194,-1.073,0.071,0.262,-1.215,-0.178,0.261,-1.102,-0.395,0.257,-0.871,-0.525,0.189,-0.675,-0.632,0.047,-0.512,-0.717,-0.076,-0.476,-0.785,-0.108,-0.444,-0.816,-0.122,-0.428,-0.866,-0.140,-0.428,-0.906,-0.156,-0.375,-0.916,-0.169,-0.352,-0.908,-0.164,-0.315,-0.903,-0.145,-0.319,NearMiss
0.144,0.054,-1.008,0.145,0.061,-1.004,0.158,0.050,-1.078,0.044,0.375,-1.149,-0.408,0.755,-1.011,-0.619,0.397,-0.519,-0.632,-0.040,-0.205,-0.734,-0.179,-0.157,-0.873,-0.126,-0.197,-0.994,-0.092,-0.265,-0.954,-0.099,-0.173,-0.975,-0.145,-0.139,-0.979,-0.138,-0.148,-0.964,-0.134,-0.161,-0.969,-0.159,-0.187,-0.929,-0.154,-0.201,NearMiss
0.139,0.182,-1.008,0.098,0.194,-0.987,0.098,0.210,-0.994,0.032,0.433,-1.042,-0.187,0.584,-1.014,-0.347,0.490,-0.928,-0.462,0.242,-0.734,-0.555,0.108,-0.515,-0.704,-0.078,-0.469,-0.769,-0.173,-0.539,-0.806,-0.187,-0.587,-0.871,-0.218,-0.567,-0.834,-0.219,-0.505,-0.805,-0.257,-0.436,-0.795,-0.312,-0.392,-0.786,-0.364,-0.355,NearMiss
0.028,-0.186,-0.999,0.027,-0.182,-0.979,0.041,-0.165,-0.975,0.073,-0.222,-1.031,0.065,-0.231,-1.098,-0.106,-0.103,-1.119,-0.373,0.055,-0.915,-0.612,0.160,-0.690,-0.647,0.210,-0.515,-0.702,0.206,-0.497,-0.706,0.286,-0.572,-0.721,0.326,-0.675,-0.862,0.232,-0.697,-0.883,0.124,-0.586,-0.810,-0.019,-0.420,-0.756,-0.089,-0.334,NearMiss
0.076,0.180,-1.010,0.047,0.216,-1.010,0.017,0.351,-1.090,-0.235,0.540,-1.043,-0.438,0.530,-0.813,-0.562,0.352,-0.613,-0.624,0.209,-0.560,-0.676,0.058,-0.567,-0.698,-0.017,-0.587,-0.748,-0.085,-0.583,-0.768,-0.188,-0.554,-0.760,-0.271,-0.532,-0.771,-0.314,-0.504,-0.768,-0.371,-0.469,-0.759,-0.378,-0.442,-0.763,-0.404,-0.441,NearMiss
0.145,0.038,-1.007,0.128,0.043,-1.015,0.172,0.046,-1.093,0.017,0.351,-1.131,-0.379,0.687,-0.894,-0.623,0.469,-0.648,-0.685,0.060,-0.255,-0.709,-0.251,-0.165,-0.844,-0.190,-0.202,-0.944,-0.131,-0.280,-0.963,-0.147,-0.266,-0.967,-0.110,-0.205,-0.975,-0.066,-0.197,-0.953,-0.049,-0.187,-0.988,-0.037,-0.200,-1.002,-0.051,-0.195,NearMiss
0.451,0.252,-0.911,0.452,0.294,-0.962,0.408,0.566,-1.062,-0.008,0.922,-0.770,-0.292,0.791,-0.341,-0.438,0.688,-0.081,-0.582,0.538,0.066,-0.725,0.533,0.042,-0.831,0.344,0.180,-0.867,0.315,0.334,-0.850,0.498,0.195,-0.827,0.569,0.119,-0.777,0.550,0.128,-0.788,0.533,0.111,-0.810,0.439,0.148,-0.784,0.297,0.075,NearMiss
0.239,0.431,-0.993,0.169,0.486,-1.030,0.053,0.609,-1.024,-0.169,0.653,-0.963,-0.415,0.550,-0.755,-0.559,0.305,-0.524,-0.650,0.081,-0.429,-0.708,-0.064,-0.409,-0.797,-0.153,-0.431,-0.828,-0.217,-0.436,-0.851,-0.288,-0.425,-0.824,-0.351,-0.366,-0.803,-0.400,-0.366,-0.798,-0.418,-0.374,-0.781,-0.441,-0.389,-0.742,-0.449,-0.404,NearMiss
0.297,0.154,-0.953,0.388,0.019,-0.933,0.414,0.104,-0.818,0.248,0.358,-0.765,0.256,0.811,-0.552,0.249,0.956,-0.442,0.526,0.959,-0.780,0.618,1.138,-0.819,0.216,1.003,-0.886,-0.176,0.690,-0.711,-0.422,0.492,-0.533,-0.512,0.182,-0.475,-0.546,0.009,-0.544,-0.604,-0.157,-0.573,-0.687,-0.263,-0.559,-0.691,-0.266,-0.583,NearMiss
